ProductID	ProductType	ProductGroup	ProductName	ProductName2	PriceBand	PriceGroup	VATRate	Measure	CostPricePerSKU	GrossSellPrice	BarCode	PLU	PLU2	SKUName	BINNumber	KPText	CommissionPercentage	AllowZeroPrice	UseStandardVAT	AwardCRMPoints	ChargePerMinute	ExcludeFromReceipt	PromptForDescription	SellByWeight	ServiceChargeExempt	PrintToKPStandalone	IsMain	ProductInfo	RezlynxCode	MeasureCostPricePerSKU	ProhibitSalesWhenUnderStocked	IsUseBatchSales	CookTimeSeconds	ShelfLifeSeconds	IsDisplayAfterProduced	IsBatchSalesProduceOnSale	AlcoholPercent	UnitVolume	AllowDiscount	ItemCookCount	SelfServiceFood	SelfServiceDrink	IsChooseLater	KP1	KP2	KP3	KP4	KP5	KP6	KP7	KP8	KP9	KP10	KP11	KP12	KP13	KP14	KP15	KP16	HideMeasureShortNameFromReceipt	ThirdPartyCRMPointsValue	ExtraReceiptText	CRMPointsValue	IsAvailableThroughTevalisAPI	IsAlcohol	CRMCode	ReportCategory	Region	Vintage	StockWarningLevel
1816	Beverage	Aperitif	Aperol		Master Price Band	Standard	GST	15ml	0	11.00					0		0	FALSE	FALSE	TRUE	FALSE	FALSE	FALSE	FALSE	FALSE	FALSE	FALSE			-1	TRUE	FALSE	0	0	FALSE	FALSE	0	0	TRUE	1	FALSE	FALSE	FALSE	FALSE	FALSE	FALSE	FALSE	FALSE	FALSE	FALSE	FALSE	FALSE	FALSE	FALSE	FALSE	FALSE	FALSE	FALSE	FALSE	FALSE	0		1	FALSE	FALSE		Not Set			1
1816	Beverage	Aperitif	Aperol		Master Price Band	Standard	GST	30ml		13.50																				-1																																								
1817	Beverage	Aperitif	Campari		Master Price Band	Standard	GST	15ml	0	11.00					0		0	FALSE	FALSE	TRUE	FALSE	FALSE	FALSE	FALSE	FALSE	FALSE	FALSE			-1	TRUE	FALSE	0	0	FALSE	FALSE	0	0	TRUE	1	FALSE	FALSE	FALSE	FALSE	FALSE	FALSE	FALSE	FALSE	FALSE	FALSE	FALSE	FALSE	FALSE	FALSE	FALSE	FALSE	FALSE	FALSE	FALSE	FALSE	0		1	FALSE	FALSE		Not Set			1
1817	Beverage	Aperitif	Campari		Master Price Band	Standard	GST	30ml		13.50																				-1																																								
1818	Beverage	Aperitif	Martini Rosso Vermouth		Master Price Band	Standard	GST	15ml	0	11.00					0		0	FALSE	FALSE	TRUE	FALSE	FALSE	FALSE	FALSE	FALSE	FALSE	FALSE			-1	TRUE	FALSE	0	0	FALSE	FALSE	0	0	TRUE	1	FALSE	FALSE	FALSE	FALSE	FALSE	FALSE	FALSE	FALSE	FALSE	FALSE	FALSE	FALSE	FALSE	FALSE	FALSE	FALSE	FALSE	FALSE	FALSE	FALSE	0		1	FALSE	FALSE		Not Set			1
1818	Beverage	Aperitif	Martini Rosso Vermouth		Master Price Band	Standard	GST	30ml		13.50																				-1																																								
1819	Beverage	Aperitif	Pimms		Master Price Band	Standard	GST	15ml	0	9.50					0		0	FALSE	FALSE	TRUE	FALSE	FALSE	FALSE	FALSE	FALSE	FALSE	FALSE			-1	TRUE	FALSE	0	0	FALSE	FALSE	0	0	TRUE	1	FALSE	FALSE	FALSE	FALSE	FALSE	FALSE	FALSE	FALSE	FALSE	FALSE	FALSE	FALSE	FALSE	FALSE	FALSE	FALSE	FALSE	FALSE	FALSE	FALSE	0		1	FALSE	FALSE		Not Set			1
1819	Beverage	Aperitif	Pimms		Master Price Band	Standard	GST	30ml		12.00																				-1																																								
2003	Beverage	Beer	Corona 0% BTL		Master Price Band	Standard	GST	Each	0	11.00					0		0	FALSE	FALSE	TRUE	FALSE	FALSE	FALSE	FALSE	FALSE	FALSE	FALSE			-1	TRUE	FALSE	0	0	FALSE	FALSE	0	0	TRUE	1	FALSE	FALSE	FALSE	FALSE	FALSE	FALSE	FALSE	FALSE	FALSE	FALSE	FALSE	FALSE	FALSE	FALSE	FALSE	FALSE	FALSE	FALSE	FALSE	FALSE	0		1	FALSE	FALSE		Not Set			1
1622	Beverage	Beer	Corona BTL		Master Price Band	Standard	GST	Bottle Bucket	0	35.00					0		0	FALSE	FALSE	TRUE	FALSE	FALSE	FALSE	FALSE	FALSE	FALSE	FALSE			-1	TRUE	FALSE	0	0	FALSE	FALSE	0	0	TRUE	1	FALSE	FALSE	FALSE	FALSE	FALSE	FALSE	FALSE	FALSE	FALSE	FALSE	FALSE	FALSE	FALSE	FALSE	FALSE	FALSE	FALSE	FALSE	FALSE	FALSE	0		1	FALSE	FALSE		Not Set			1
1622	Beverage	Beer	Corona BTL		Master Price Band	Standard	GST	Each		11.00																				-1																																								
1780	Beverage	Beer	DB Draught Quart BTL		Master Price Band	Standard	GST	Each	0	13.50					0		0	FALSE	FALSE	TRUE	FALSE	FALSE	FALSE	FALSE	FALSE	FALSE	FALSE			-1	TRUE	FALSE	0	0	FALSE	FALSE	0	0	TRUE	1	FALSE	FALSE	FALSE	FALSE	FALSE	FALSE	FALSE	FALSE	FALSE	FALSE	FALSE	FALSE	FALSE	FALSE	FALSE	FALSE	FALSE	FALSE	FALSE	FALSE	0		1	FALSE	FALSE		Not Set			1
2035	Beverage	Beer	DB Quart		Master Price Band	Standard	GST	Each	0	13.50					0		0	FALSE	FALSE	TRUE	FALSE	FALSE	FALSE	FALSE	FALSE	FALSE	FALSE			-1	TRUE	FALSE	0	0	FALSE	FALSE	0	0	TRUE	1	FALSE	FALSE	FALSE	FALSE	FALSE	FALSE	FALSE	FALSE	FALSE	FALSE	FALSE	FALSE	FALSE	FALSE	FALSE	FALSE	FALSE	FALSE	FALSE	FALSE	0		1	FALSE	FALSE		Not Set			1
1685	Beverage	Beer	Emerson's Pilsner		Master Price Band	Standard	GST	Pint	0	13.50					0		0	FALSE	FALSE	TRUE	FALSE	FALSE	FALSE	FALSE	FALSE	FALSE	FALSE			-1	TRUE	FALSE	0	0	FALSE	FALSE	0	0	TRUE	1	FALSE	FALSE	FALSE	FALSE	FALSE	FALSE	FALSE	FALSE	FALSE	FALSE	FALSE	FALSE	FALSE	FALSE	FALSE	FALSE	FALSE	FALSE	FALSE	FALSE	0		1	FALSE	FALSE		Not Set			1
1779	Beverage	Beer	Export Gold Quart BTL		Master Price Band	Standard	GST	Each	0	13.50					0		0	FALSE	FALSE	TRUE	FALSE	FALSE	FALSE	FALSE	FALSE	FALSE	FALSE			-1	TRUE	FALSE	0	0	FALSE	FALSE	0	0	TRUE	1	FALSE	FALSE	FALSE	FALSE	FALSE	FALSE	FALSE	FALSE	FALSE	FALSE	FALSE	FALSE	FALSE	FALSE	FALSE	FALSE	FALSE	FALSE	FALSE	FALSE	0		1	FALSE	FALSE		Not Set			1
2002	Beverage	Beer	Ginger Giant		Master Price Band	Standard	GST	Pint	0	13.00					0		0	FALSE	FALSE	TRUE	FALSE	FALSE	FALSE	FALSE	FALSE	FALSE	FALSE			-1	TRUE	FALSE	0	0	FALSE	FALSE	0	0	TRUE	1	FALSE	FALSE	FALSE	FALSE	FALSE	FALSE	FALSE	FALSE	FALSE	FALSE	FALSE	FALSE	FALSE	FALSE	FALSE	FALSE	FALSE	FALSE	FALSE	FALSE	0		1	FALSE	FALSE		Not Set			1
2043	Beverage	Beer	Gordons Pink Gin TAP		Master Price Band	Standard	GST	Glass	0	12.50					0		0	FALSE	FALSE	TRUE	FALSE	FALSE	FALSE	FALSE	FALSE	FALSE	FALSE			-1	TRUE	FALSE	0	0	FALSE	FALSE	0	0	TRUE	1	FALSE	FALSE	FALSE	FALSE	FALSE	FALSE	FALSE	FALSE	FALSE	FALSE	FALSE	FALSE	FALSE	FALSE	FALSE	FALSE	FALSE	FALSE	FALSE	FALSE	0		1	FALSE	FALSE		Not Set			1
1689	Beverage	Beer	Guinness		Master Price Band	Standard	GST	Pint	0	12.50					0		0	FALSE	FALSE	TRUE	FALSE	FALSE	FALSE	FALSE	FALSE	FALSE	FALSE			-1	TRUE	FALSE	0	0	FALSE	FALSE	0	0	TRUE	1	FALSE	FALSE	FALSE	FALSE	FALSE	FALSE	FALSE	FALSE	FALSE	FALSE	FALSE	FALSE	FALSE	FALSE	FALSE	FALSE	FALSE	FALSE	FALSE	FALSE	0		1	FALSE	FALSE		Not Set			1
1692	Beverage	Beer	Kirin Hyoketsu Lemon		Master Price Band	Standard	GST	Pint	0	13.00					0		0	FALSE	FALSE	TRUE	FALSE	FALSE	FALSE	FALSE	FALSE	FALSE	FALSE			-1	TRUE	FALSE	0	0	FALSE	FALSE	0	0	TRUE	1	FALSE	FALSE	FALSE	FALSE	FALSE	FALSE	FALSE	FALSE	FALSE	FALSE	FALSE	FALSE	FALSE	FALSE	FALSE	FALSE	FALSE	FALSE	FALSE	FALSE	0		1	FALSE	FALSE		Not Set			1
1778	Beverage	Beer	Lion Brown Quart BTL		Master Price Band	Standard	GST	Each	0	13.50					0		0	FALSE	FALSE	TRUE	FALSE	FALSE	FALSE	FALSE	FALSE	FALSE	FALSE			-1	TRUE	FALSE	0	0	FALSE	FALSE	0	0	TRUE	1	FALSE	FALSE	FALSE	FALSE	FALSE	FALSE	FALSE	FALSE	FALSE	FALSE	FALSE	FALSE	FALSE	FALSE	FALSE	FALSE	FALSE	FALSE	FALSE	FALSE	0		1	FALSE	FALSE		Not Set			1
1690	Beverage	Beer	Mac's Cloudy Apple Cider		Master Price Band	Standard	GST	12oz	0	9.00					0		0	FALSE	FALSE	TRUE	FALSE	FALSE	FALSE	FALSE	FALSE	FALSE	FALSE			-1	TRUE	FALSE	0	0	FALSE	FALSE	0	0	TRUE	1	FALSE	FALSE	FALSE	FALSE	FALSE	FALSE	FALSE	FALSE	FALSE	FALSE	FALSE	FALSE	FALSE	FALSE	FALSE	FALSE	FALSE	FALSE	FALSE	FALSE	0		1	FALSE	FALSE		Not Set			1
1690	Beverage	Beer	Mac's Cloudy Apple Cider		Master Price Band	Standard	GST	Jug		22.00																				-1																																								
1690	Beverage	Beer	Mac's Cloudy Apple Cider		Master Price Band	Standard	GST	Pint		13.00																				-1																																								
1683	Beverage	Beer	Mac's Gold		Master Price Band	Standard	GST	12oz	0	9.50					0		0	FALSE	FALSE	TRUE	FALSE	FALSE	FALSE	FALSE	FALSE	FALSE	FALSE			-1	TRUE	FALSE	0	0	FALSE	FALSE	0	0	TRUE	1	FALSE	FALSE	FALSE	FALSE	FALSE	FALSE	FALSE	FALSE	FALSE	FALSE	FALSE	FALSE	FALSE	FALSE	FALSE	FALSE	FALSE	FALSE	FALSE	FALSE	0		1	FALSE	FALSE		Not Set			1
1683	Beverage	Beer	Mac's Gold		Master Price Band	Standard	GST	Jug		18.00																				-1																																								
1683	Beverage	Beer	Mac's Gold		Master Price Band	Standard	GST	Pint		12.00																				-1																																								
1687	Beverage	Beer	Panhead Pickup IPA		Master Price Band	Standard	GST	Pint	0	14.00					0		0	FALSE	FALSE	TRUE	FALSE	FALSE	FALSE	FALSE	FALSE	FALSE	FALSE			-1	TRUE	FALSE	0	0	FALSE	FALSE	0	0	TRUE	1	FALSE	FALSE	FALSE	FALSE	FALSE	FALSE	FALSE	FALSE	FALSE	FALSE	FALSE	FALSE	FALSE	FALSE	FALSE	FALSE	FALSE	FALSE	FALSE	FALSE	0		1	FALSE	FALSE		Not Set			1
2001	Beverage	Beer	Panhead Sandman		Master Price Band	Standard	GST	Pint	0	14.00					0		0	FALSE	FALSE	TRUE	FALSE	FALSE	FALSE	FALSE	FALSE	FALSE	FALSE			-1	TRUE	FALSE	0	0	FALSE	FALSE	0	0	TRUE	1	FALSE	FALSE	FALSE	FALSE	FALSE	FALSE	FALSE	FALSE	FALSE	FALSE	FALSE	FALSE	FALSE	FALSE	FALSE	FALSE	FALSE	FALSE	FALSE	FALSE	0		1	FALSE	TRUE		Not Set			1
1688	Beverage	Beer	Panhead Supercharger  APA		Master Price Band	Standard	GST	Pint	0	14.00					0		0	FALSE	FALSE	TRUE	FALSE	FALSE	FALSE	FALSE	FALSE	FALSE	FALSE			-1	TRUE	FALSE	0	0	FALSE	FALSE	0	0	TRUE	1	FALSE	FALSE	FALSE	FALSE	FALSE	FALSE	FALSE	FALSE	FALSE	FALSE	FALSE	FALSE	FALSE	FALSE	FALSE	FALSE	FALSE	FALSE	FALSE	FALSE	0		1	FALSE	FALSE		Not Set			1
1679	Beverage	Beer	Speights Gold		Master Price Band	Standard	GST	12oz	0	9.50					0		0	FALSE	FALSE	TRUE	FALSE	FALSE	FALSE	FALSE	FALSE	FALSE	FALSE			-1	TRUE	FALSE	0	0	FALSE	FALSE	4	9999.99	TRUE	1	FALSE	FALSE	FALSE	FALSE	FALSE	FALSE	FALSE	FALSE	FALSE	FALSE	FALSE	FALSE	FALSE	FALSE	FALSE	FALSE	FALSE	FALSE	FALSE	FALSE	0		1	FALSE	TRUE		Not Set			1
1679	Beverage	Beer	Speights Gold		Master Price Band	Standard	GST	7oz		5.00																				-1																																								
1679	Beverage	Beer	Speights Gold		Master Price Band	Standard	GST	Jug		17.00																				-1																																								
1679	Beverage	Beer	Speights Gold		Master Price Band	Standard	GST	Pint		11.50																				-1																																								
1680	Beverage	Beer	Speights Mid Ale		Master Price Band	Standard	GST	12oz	0	9.00					0		0	FALSE	FALSE	TRUE	FALSE	FALSE	FALSE	FALSE	FALSE	FALSE	FALSE			-1	TRUE	FALSE	0	0	FALSE	FALSE	0	0	TRUE	1	FALSE	FALSE	FALSE	FALSE	FALSE	FALSE	FALSE	FALSE	FALSE	FALSE	FALSE	FALSE	FALSE	FALSE	FALSE	FALSE	FALSE	FALSE	FALSE	FALSE	0		1	FALSE	FALSE		Not Set			1
1680	Beverage	Beer	Speights Mid Ale		Master Price Band	Standard	GST	Jug		16.00																				-1																																								
1680	Beverage	Beer	Speights Mid Ale		Master Price Band	Standard	GST	Pint		11.00																				-1																																								
1624	Beverage	Beer	Speights Old Dark BTL		Master Price Band	Standard	GST	Each	0	9.00					0		0	FALSE	FALSE	TRUE	FALSE	FALSE	FALSE	FALSE	FALSE	FALSE	FALSE			-1	TRUE	FALSE	0	0	FALSE	FALSE	0	0	TRUE	1	FALSE	FALSE	FALSE	FALSE	FALSE	FALSE	FALSE	FALSE	FALSE	FALSE	FALSE	FALSE	FALSE	FALSE	FALSE	FALSE	FALSE	FALSE	FALSE	FALSE	0		1	FALSE	FALSE		Not Set			1
1776	Beverage	Beer	Speights Quart BTL		Master Price Band	Standard	GST	Each	0	13.50					0		0	FALSE	FALSE	TRUE	FALSE	FALSE	FALSE	FALSE	FALSE	FALSE	FALSE			-1	TRUE	FALSE	0	0	FALSE	FALSE	0	0	TRUE	1	FALSE	FALSE	FALSE	FALSE	FALSE	FALSE	FALSE	FALSE	FALSE	FALSE	FALSE	FALSE	FALSE	FALSE	FALSE	FALSE	FALSE	FALSE	FALSE	FALSE	0		1	FALSE	FALSE		Not Set			1
1626	Beverage	Beer	Speights Summit 0% BTL		Master Price Band	Standard	GST	Each	0	8.50					0		0	FALSE	FALSE	TRUE	FALSE	FALSE	FALSE	FALSE	FALSE	FALSE	FALSE			-1	TRUE	FALSE	0	0	FALSE	FALSE	0	0	TRUE	1	FALSE	FALSE	FALSE	FALSE	FALSE	FALSE	FALSE	FALSE	FALSE	FALSE	FALSE	FALSE	FALSE	FALSE	FALSE	FALSE	FALSE	FALSE	FALSE	FALSE	0		1	FALSE	FALSE		Not Set			1
1681	Beverage	Beer	Speights Summit Ultra		Master Price Band	Standard	GST	12oz	0	9.50					0		0	FALSE	FALSE	TRUE	FALSE	FALSE	FALSE	FALSE	FALSE	FALSE	FALSE			-1	TRUE	FALSE	0	0	FALSE	FALSE	0	0	TRUE	1	FALSE	FALSE	FALSE	FALSE	FALSE	FALSE	FALSE	FALSE	FALSE	FALSE	FALSE	FALSE	FALSE	FALSE	FALSE	FALSE	FALSE	FALSE	FALSE	FALSE	0		1	FALSE	FALSE		Not Set			1
1681	Beverage	Beer	Speights Summit Ultra		Master Price Band	Standard	GST	Jug		17.00																				-1																																								
1681	Beverage	Beer	Speights Summit Ultra		Master Price Band	Standard	GST	Pint		11.50																				-1																																								
1623	Beverage	Beer	Speights Ultra Lime BTL		Master Price Band	Standard	GST	Each	0	9.00					0		0	FALSE	FALSE	TRUE	FALSE	FALSE	FALSE	FALSE	FALSE	FALSE	FALSE			-1	TRUE	FALSE	0	0	FALSE	FALSE	0	0	TRUE	1	FALSE	FALSE	FALSE	FALSE	FALSE	FALSE	FALSE	FALSE	FALSE	FALSE	FALSE	FALSE	FALSE	FALSE	FALSE	FALSE	FALSE	FALSE	FALSE	FALSE	0		1	FALSE	FALSE		Not Set			1
1625	Beverage	Beer	Steinlager 0% BTL		Master Price Band	Standard	GST	Each	0	8.50					0		0	FALSE	FALSE	TRUE	FALSE	FALSE	FALSE	FALSE	FALSE	FALSE	FALSE			-1	TRUE	FALSE	0	0	FALSE	FALSE	0	0	TRUE	1	FALSE	FALSE	FALSE	FALSE	FALSE	FALSE	FALSE	FALSE	FALSE	FALSE	FALSE	FALSE	FALSE	FALSE	FALSE	FALSE	FALSE	FALSE	FALSE	FALSE	0		1	FALSE	FALSE		Not Set			1
1686	Beverage	Beer	Steinlager Classic		Master Price Band	Standard	GST	Jug	0	19.00					0		0	FALSE	FALSE	TRUE	FALSE	FALSE	FALSE	FALSE	FALSE	FALSE	FALSE			-1	TRUE	FALSE	0	0	FALSE	FALSE	0	0	TRUE	1	FALSE	FALSE	FALSE	FALSE	FALSE	FALSE	FALSE	FALSE	FALSE	FALSE	FALSE	FALSE	FALSE	FALSE	FALSE	FALSE	FALSE	FALSE	FALSE	FALSE	0		1	FALSE	TRUE		Not Set			1
1686	Beverage	Beer	Steinlager Classic		Master Price Band	Standard	GST	Pint		13.00																				-1																																								
2040	Beverage	Beer	Steinlager Classic BTL		Master Price Band	Standard	GST	Each	0	10.50					0		0	FALSE	FALSE	TRUE	FALSE	FALSE	FALSE	FALSE	FALSE	FALSE	FALSE			-1	TRUE	FALSE	0	0	FALSE	FALSE	5	330	TRUE	1	FALSE	FALSE	FALSE	FALSE	FALSE	FALSE	FALSE	FALSE	FALSE	FALSE	FALSE	FALSE	FALSE	FALSE	FALSE	FALSE	FALSE	FALSE	FALSE	FALSE	0		1	FALSE	TRUE		Not Set			1
1627	Beverage	Beer	Steinlager Light 2.5% BTL		Master Price Band	Standard	GST	Each	0	9.00					0		0	FALSE	FALSE	TRUE	FALSE	FALSE	FALSE	FALSE	FALSE	FALSE	FALSE			-1	TRUE	FALSE	0	0	FALSE	FALSE	0	0	TRUE	1	FALSE	FALSE	FALSE	FALSE	FALSE	FALSE	FALSE	FALSE	FALSE	FALSE	FALSE	FALSE	FALSE	FALSE	FALSE	FALSE	FALSE	FALSE	FALSE	FALSE	0		1	FALSE	FALSE		Not Set			1
1682	Beverage	Beer	Steinlager Low Carb		Master Price Band	Standard	GST	Jug	0	18.00					0		0	FALSE	FALSE	TRUE	FALSE	FALSE	FALSE	FALSE	FALSE	FALSE	FALSE			-1	TRUE	FALSE	0	0	FALSE	FALSE	0	0	TRUE	1	FALSE	FALSE	FALSE	FALSE	FALSE	FALSE	FALSE	FALSE	FALSE	FALSE	FALSE	FALSE	FALSE	FALSE	FALSE	FALSE	FALSE	FALSE	FALSE	FALSE	0		1	FALSE	FALSE		Not Set			1
1682	Beverage	Beer	Steinlager Low Carb		Master Price Band	Standard	GST	Pint		12.00																				-1																																								
1621	Beverage	Beer	Steinlager Pure BTL		Master Price Band	Standard	GST	Each	0	10.50					0		0	FALSE	FALSE	TRUE	FALSE	FALSE	FALSE	FALSE	FALSE	FALSE	FALSE			-1	TRUE	FALSE	0	0	FALSE	FALSE	0	0	TRUE	1	FALSE	FALSE	FALSE	FALSE	FALSE	FALSE	FALSE	FALSE	FALSE	FALSE	FALSE	FALSE	FALSE	FALSE	FALSE	FALSE	FALSE	FALSE	FALSE	FALSE	0		1	FALSE	FALSE		Not Set			1
1781	Beverage	Beer	Steinlager Quart BTL		Master Price Band	Standard	GST	Each	0	16.00					0		0	FALSE	FALSE	TRUE	FALSE	FALSE	FALSE	FALSE	FALSE	FALSE	FALSE			-1	TRUE	FALSE	0	0	FALSE	FALSE	0	0	TRUE	1	FALSE	FALSE	FALSE	FALSE	FALSE	FALSE	FALSE	FALSE	FALSE	FALSE	FALSE	FALSE	FALSE	FALSE	FALSE	FALSE	FALSE	FALSE	FALSE	FALSE	0		1	FALSE	FALSE		Not Set			1
1678	Beverage	Beer	Stella Artois		Master Price Band	Standard	GST	Pint	0	14.00					0		0	FALSE	FALSE	TRUE	FALSE	FALSE	FALSE	FALSE	FALSE	FALSE	FALSE			-1	TRUE	FALSE	0	0	FALSE	FALSE	0	0	TRUE	1	FALSE	FALSE	FALSE	FALSE	FALSE	FALSE	FALSE	FALSE	FALSE	FALSE	FALSE	FALSE	FALSE	FALSE	FALSE	FALSE	FALSE	FALSE	FALSE	FALSE	0		1	FALSE	FALSE		Not Set			1
2260	Beverage	Beer	Stella Artois BTL		Master Price Band	Standard	GST	Bottle	0	11.00					0		0	FALSE	FALSE	TRUE	FALSE	FALSE	FALSE	FALSE	FALSE	FALSE	FALSE			-1	TRUE	FALSE	0	0	FALSE	FALSE	5	330	TRUE	1	FALSE	FALSE	FALSE	FALSE	FALSE	FALSE	FALSE	FALSE	FALSE	FALSE	FALSE	FALSE	FALSE	FALSE	FALSE	FALSE	FALSE	FALSE	FALSE	FALSE	0		1	FALSE	TRUE		Not Set			1
1777	Beverage	Beer	Summit Quart BTL		Master Price Band	Standard	GST	Each	0	14.00					0		0	FALSE	FALSE	TRUE	FALSE	FALSE	FALSE	FALSE	FALSE	FALSE	FALSE			-1	TRUE	FALSE	0	0	FALSE	FALSE	0	0	TRUE	1	FALSE	FALSE	FALSE	FALSE	FALSE	FALSE	FALSE	FALSE	FALSE	FALSE	FALSE	FALSE	FALSE	FALSE	FALSE	FALSE	FALSE	FALSE	FALSE	FALSE	0		1	FALSE	FALSE		Not Set			1
1691	Beverage	Beer	Zeffer Hazy Lemonade		Master Price Band	Standard	GST	Pint	0	12.50					0		0	FALSE	FALSE	TRUE	FALSE	FALSE	FALSE	FALSE	FALSE	FALSE	FALSE			-1	TRUE	FALSE	0	0	FALSE	FALSE	0	0	TRUE	1	FALSE	FALSE	FALSE	FALSE	FALSE	FALSE	FALSE	FALSE	FALSE	FALSE	FALSE	FALSE	FALSE	FALSE	FALSE	FALSE	FALSE	FALSE	FALSE	FALSE	0		1	FALSE	FALSE		Not Set			1
1820	Beverage	Bourbon	Early Times Old Reserve		Master Price Band	Standard	GST	15ml	0	11.00					0		0	FALSE	FALSE	TRUE	FALSE	FALSE	FALSE	FALSE	FALSE	FALSE	FALSE			-1	TRUE	FALSE	0	0	FALSE	FALSE	0	0	TRUE	1	FALSE	FALSE	FALSE	FALSE	FALSE	FALSE	FALSE	FALSE	FALSE	FALSE	FALSE	FALSE	FALSE	FALSE	FALSE	FALSE	FALSE	FALSE	FALSE	FALSE	0		1	FALSE	FALSE		Not Set			1
1820	Beverage	Bourbon	Early Times Old Reserve		Master Price Band	Standard	GST	30ml		13.50																				-1																																								
1821	Beverage	Bourbon	Gentleman Jack Tennessee Whiskey		Master Price Band	Standard	GST	15ml	0	11.50					0		0	FALSE	FALSE	TRUE	FALSE	FALSE	FALSE	FALSE	FALSE	FALSE	FALSE			-1	TRUE	FALSE	0	0	FALSE	FALSE	0	0	TRUE	1	FALSE	FALSE	FALSE	FALSE	FALSE	FALSE	FALSE	FALSE	FALSE	FALSE	FALSE	FALSE	FALSE	FALSE	FALSE	FALSE	FALSE	FALSE	FALSE	FALSE	0		1	FALSE	FALSE		Not Set			1
1821	Beverage	Bourbon	Gentleman Jack Tennessee Whiskey		Master Price Band	Standard	GST	30ml		14.50																				-1																																								
1822	Beverage	Bourbon	Jack Daniels Old No. 7		Master Price Band	Standard	GST	15ml	0	9.50					0		0	FALSE	FALSE	TRUE	FALSE	FALSE	FALSE	FALSE	FALSE	FALSE	FALSE			-1	TRUE	FALSE	0	0	FALSE	FALSE	0	0	TRUE	1	FALSE	FALSE	FALSE	FALSE	FALSE	FALSE	FALSE	FALSE	FALSE	FALSE	FALSE	FALSE	FALSE	FALSE	FALSE	FALSE	FALSE	FALSE	FALSE	FALSE	0		1	FALSE	FALSE		Not Set			1
1822	Beverage	Bourbon	Jack Daniels Old No. 7		Master Price Band	Standard	GST	30ml		12.00																				-1																																								
1823	Beverage	Bourbon	Jack Daniels Single Barrel Rye		Master Price Band	Standard	GST	15ml	0	11.00					0		0	FALSE	FALSE	TRUE	FALSE	FALSE	FALSE	FALSE	FALSE	FALSE	FALSE			-1	TRUE	FALSE	0	0	FALSE	FALSE	0	0	TRUE	1	FALSE	FALSE	FALSE	FALSE	FALSE	FALSE	FALSE	FALSE	FALSE	FALSE	FALSE	FALSE	FALSE	FALSE	FALSE	FALSE	FALSE	FALSE	FALSE	FALSE	0		1	FALSE	FALSE		Not Set			1
1823	Beverage	Bourbon	Jack Daniels Single Barrel Rye		Master Price Band	Standard	GST	30ml		13.50																				-1																																								
1824	Beverage	Bourbon	Jack Daniels Single Barrel Select		Master Price Band	Standard	GST	15ml	0	11.00					0		0	FALSE	FALSE	TRUE	FALSE	FALSE	FALSE	FALSE	FALSE	FALSE	FALSE			-1	TRUE	FALSE	0	0	FALSE	FALSE	0	0	TRUE	1	FALSE	FALSE	FALSE	FALSE	FALSE	FALSE	FALSE	FALSE	FALSE	FALSE	FALSE	FALSE	FALSE	FALSE	FALSE	FALSE	FALSE	FALSE	FALSE	FALSE	0		1	FALSE	FALSE		Not Set			1
1824	Beverage	Bourbon	Jack Daniels Single Barrel Select		Master Price Band	Standard	GST	30ml		13.50																				-1																																								
1825	Beverage	Bourbon	Jack Daniels Straight Rye		Master Price Band	Standard	GST	15ml	0	11.00					0		0	FALSE	FALSE	TRUE	FALSE	FALSE	FALSE	FALSE	FALSE	FALSE	FALSE			-1	TRUE	FALSE	0	0	FALSE	FALSE	0	0	TRUE	1	FALSE	FALSE	FALSE	FALSE	FALSE	FALSE	FALSE	FALSE	FALSE	FALSE	FALSE	FALSE	FALSE	FALSE	FALSE	FALSE	FALSE	FALSE	FALSE	FALSE	0		1	FALSE	FALSE		Not Set			1
1825	Beverage	Bourbon	Jack Daniels Straight Rye		Master Price Band	Standard	GST	30ml		13.50																				-1																																								
1826	Beverage	Bourbon	Jim Beam Honey Bourbon		Master Price Band	Standard	GST	15ml	0	9.00					0		0	FALSE	FALSE	TRUE	FALSE	FALSE	FALSE	FALSE	FALSE	FALSE	FALSE			-1	TRUE	FALSE	0	0	FALSE	FALSE	0	0	TRUE	1	FALSE	FALSE	FALSE	FALSE	FALSE	FALSE	FALSE	FALSE	FALSE	FALSE	FALSE	FALSE	FALSE	FALSE	FALSE	FALSE	FALSE	FALSE	FALSE	FALSE	0		1	FALSE	FALSE		Not Set			1
1826	Beverage	Bourbon	Jim Beam Honey Bourbon		Master Price Band	Standard	GST	30ml		11.00																				-1																																								
1827	Beverage	Bourbon	Jim Beam Small Batch		Master Price Band	Standard	GST	15ml	0	11.00					0		0	FALSE	FALSE	TRUE	FALSE	FALSE	FALSE	FALSE	FALSE	FALSE	FALSE			-1	TRUE	FALSE	0	0	FALSE	FALSE	0	0	TRUE	1	FALSE	FALSE	FALSE	FALSE	FALSE	FALSE	FALSE	FALSE	FALSE	FALSE	FALSE	FALSE	FALSE	FALSE	FALSE	FALSE	FALSE	FALSE	FALSE	FALSE	0		1	FALSE	FALSE		Not Set			1
1827	Beverage	Bourbon	Jim Beam Small Batch		Master Price Band	Standard	GST	30ml		13.50																				-1																																								
1828	Beverage	Bourbon	Jim Beam White Label		Master Price Band	Standard	GST	15ml	0	9.00					0		0	FALSE	FALSE	TRUE	FALSE	FALSE	FALSE	FALSE	FALSE	FALSE	FALSE			-1	TRUE	FALSE	0	0	FALSE	FALSE	0	0	TRUE	1	FALSE	FALSE	FALSE	FALSE	FALSE	FALSE	FALSE	FALSE	FALSE	FALSE	FALSE	FALSE	FALSE	FALSE	FALSE	FALSE	FALSE	FALSE	FALSE	FALSE	0		1	FALSE	FALSE		Not Set			1
1828	Beverage	Bourbon	Jim Beam White Label		Master Price Band	Standard	GST	30ml		11.00																				-1																																								
1829	Beverage	Bourbon	Knob Creek Small Batch 9yo		Master Price Band	Standard	GST	15ml	0	11.50					0		0	FALSE	FALSE	TRUE	FALSE	FALSE	FALSE	FALSE	FALSE	FALSE	FALSE			-1	TRUE	FALSE	0	0	FALSE	FALSE	0	0	TRUE	1	FALSE	FALSE	FALSE	FALSE	FALSE	FALSE	FALSE	FALSE	FALSE	FALSE	FALSE	FALSE	FALSE	FALSE	FALSE	FALSE	FALSE	FALSE	FALSE	FALSE	0		1	FALSE	FALSE		Not Set			1
1829	Beverage	Bourbon	Knob Creek Small Batch 9yo		Master Price Band	Standard	GST	30ml		14.50																				-1																																								
1830	Beverage	Bourbon	Makers Mark Kentucky		Master Price Band	Standard	GST	15ml	0	9.50					0		0	FALSE	FALSE	TRUE	FALSE	FALSE	FALSE	FALSE	FALSE	FALSE	FALSE			-1	TRUE	FALSE	0	0	FALSE	FALSE	0	0	TRUE	1	FALSE	FALSE	FALSE	FALSE	FALSE	FALSE	FALSE	FALSE	FALSE	FALSE	FALSE	FALSE	FALSE	FALSE	FALSE	FALSE	FALSE	FALSE	FALSE	FALSE	0		1	FALSE	FALSE		Not Set			1
1830	Beverage	Bourbon	Makers Mark Kentucky		Master Price Band	Standard	GST	30ml		14.00																				-1																																								
1831	Beverage	Bourbon	Southern Comfort		Master Price Band	Standard	GST	15ml	0	9.50					0		0	FALSE	FALSE	TRUE	FALSE	FALSE	FALSE	FALSE	FALSE	FALSE	FALSE			-1	TRUE	FALSE	0	0	FALSE	FALSE	0	0	TRUE	1	FALSE	FALSE	FALSE	FALSE	FALSE	FALSE	FALSE	FALSE	FALSE	FALSE	FALSE	FALSE	FALSE	FALSE	FALSE	FALSE	FALSE	FALSE	FALSE	FALSE	0		1	FALSE	FALSE		Not Set			1
1831	Beverage	Bourbon	Southern Comfort		Master Price Band	Standard	GST	30ml		12.00																				-1																																								
1832	Beverage	Bourbon	Wild Turkey Bourbon		Master Price Band	Standard	GST	15ml	0	9.00					0		0	FALSE	FALSE	TRUE	FALSE	FALSE	FALSE	FALSE	FALSE	FALSE	FALSE			-1	TRUE	FALSE	0	0	FALSE	FALSE	0	0	TRUE	1	FALSE	FALSE	FALSE	FALSE	FALSE	FALSE	FALSE	FALSE	FALSE	FALSE	FALSE	FALSE	FALSE	FALSE	FALSE	FALSE	FALSE	FALSE	FALSE	FALSE	0		1	FALSE	FALSE		Not Set			1
1832	Beverage	Bourbon	Wild Turkey Bourbon		Master Price Band	Standard	GST	30ml		13.00																				-1																																								
1833	Beverage	Brandy/Cognac	Chatelle Napoleon VSOP		Master Price Band	Standard	GST	15ml	0	11.50					0		0	FALSE	FALSE	TRUE	FALSE	FALSE	FALSE	FALSE	FALSE	FALSE	FALSE			-1	TRUE	FALSE	0	0	FALSE	FALSE	0	0	TRUE	1	FALSE	FALSE	FALSE	FALSE	FALSE	FALSE	FALSE	FALSE	FALSE	FALSE	FALSE	FALSE	FALSE	FALSE	FALSE	FALSE	FALSE	FALSE	FALSE	FALSE	0		1	FALSE	FALSE		Not Set			1
1833	Beverage	Brandy/Cognac	Chatelle Napoleon VSOP		Master Price Band	Standard	GST	30ml		14.50																				-1																																								
2285	Beverage	Cocktail/Shot/Shaker	 Frozen Strawberry Daiquiri		Master Price Band	Standard	GST	Each	0	15.50					0		0	FALSE	FALSE	TRUE	FALSE	FALSE	FALSE	FALSE	FALSE	FALSE	FALSE			-1	TRUE	FALSE	0	0	FALSE	FALSE	0	0	TRUE	1	FALSE	FALSE	FALSE	FALSE	FALSE	FALSE	FALSE	FALSE	FALSE	FALSE	FALSE	FALSE	FALSE	FALSE	FALSE	FALSE	FALSE	FALSE	FALSE	FALSE	0		1	FALSE	TRUE		Not Set			1
1645	Beverage	Cocktail/Shot/Shaker	Aperol Spritz		Master Price Band	Standard	GST	Each	0	13.00					0		0	FALSE	FALSE	TRUE	FALSE	FALSE	FALSE	FALSE	FALSE	FALSE	FALSE			-1	TRUE	FALSE	0	0	FALSE	FALSE	0	0	TRUE	1	FALSE	FALSE	FALSE	FALSE	FALSE	FALSE	FALSE	FALSE	FALSE	FALSE	FALSE	FALSE	FALSE	FALSE	FALSE	FALSE	FALSE	FALSE	FALSE	FALSE	0		1	FALSE	FALSE		Not Set			1
1648	Beverage	Cocktail/Shot/Shaker	Cosmopolitan		Master Price Band	Standard	GST	Each	0	15.50					0		0	FALSE	FALSE	TRUE	FALSE	FALSE	FALSE	FALSE	FALSE	FALSE	FALSE			-1	TRUE	FALSE	0	0	FALSE	FALSE	0	0	TRUE	1	FALSE	FALSE	FALSE	FALSE	FALSE	FALSE	FALSE	FALSE	FALSE	FALSE	FALSE	FALSE	FALSE	FALSE	FALSE	FALSE	FALSE	FALSE	FALSE	FALSE	0		1	FALSE	TRUE		Not Set			1
1647	Beverage	Cocktail/Shot/Shaker	Espresso Martini		Master Price Band	Standard	GST	Each	0	15.50					0		0	FALSE	FALSE	TRUE	FALSE	FALSE	FALSE	FALSE	FALSE	FALSE	FALSE			-1	TRUE	FALSE	0	0	FALSE	FALSE	0	0	TRUE	1	FALSE	FALSE	FALSE	FALSE	FALSE	FALSE	FALSE	FALSE	FALSE	FALSE	FALSE	FALSE	FALSE	FALSE	FALSE	FALSE	FALSE	FALSE	FALSE	FALSE	0		1	FALSE	FALSE		Not Set			1
2253	Beverage	Cocktail/Shot/Shaker	Fireball Cocktail $12		Master Price Band	Standard	GST	Each	0	12.00					0		0	FALSE	FALSE	TRUE	FALSE	FALSE	FALSE	FALSE	FALSE	FALSE	FALSE			-1	TRUE	FALSE	0	0	FALSE	FALSE	0	0	TRUE	1	FALSE	FALSE	FALSE	FALSE	FALSE	FALSE	FALSE	FALSE	FALSE	FALSE	FALSE	FALSE	FALSE	FALSE	FALSE	FALSE	FALSE	FALSE	FALSE	FALSE	0		1	FALSE	FALSE		Not Set			1
2254	Beverage	Cocktail/Shot/Shaker	Fireball Shot $10		Master Price Band	Standard	GST	Each	0	10.00					0		0	FALSE	FALSE	TRUE	FALSE	FALSE	FALSE	FALSE	FALSE	FALSE	FALSE			-1	TRUE	FALSE	0	0	FALSE	FALSE	0	0	TRUE	1	FALSE	FALSE	FALSE	FALSE	FALSE	FALSE	FALSE	FALSE	FALSE	FALSE	FALSE	FALSE	FALSE	FALSE	FALSE	FALSE	FALSE	FALSE	FALSE	FALSE	0		1	FALSE	FALSE		Not Set			1
2240	Beverage	Cocktail/Shot/Shaker	Firetini		Master Price Band	Standard	GST	Each	0	12.00					0		0	FALSE	FALSE	TRUE	FALSE	FALSE	FALSE	FALSE	FALSE	FALSE	FALSE			-1	TRUE	FALSE	0	0	FALSE	FALSE	0	0	TRUE	1	FALSE	FALSE	FALSE	FALSE	FALSE	FALSE	FALSE	FALSE	FALSE	FALSE	FALSE	FALSE	FALSE	FALSE	FALSE	FALSE	FALSE	FALSE	FALSE	FALSE	0		1	FALSE	FALSE		Not Set			1
2287	Beverage	Cocktail/Shot/Shaker	Fizzy Lizzy		Master Price Band	Standard	GST	Each	0	15.50					0		0	FALSE	FALSE	TRUE	FALSE	FALSE	FALSE	FALSE	FALSE	FALSE	FALSE			-1	TRUE	FALSE	0	0	FALSE	FALSE	0	0	TRUE	1	FALSE	FALSE	FALSE	FALSE	FALSE	FALSE	FALSE	FALSE	FALSE	FALSE	FALSE	FALSE	FALSE	FALSE	FALSE	FALSE	FALSE	FALSE	FALSE	FALSE	0		1	FALSE	TRUE		Not Set			1
2251	Beverage	Cocktail/Shot/Shaker	Jam Donut		Master Price Band	Standard	GST	Each	0	12.00					0		0	FALSE	FALSE	TRUE	FALSE	FALSE	FALSE	FALSE	FALSE	FALSE	FALSE			-1	TRUE	FALSE	0	0	FALSE	FALSE	0	0	TRUE	1	FALSE	FALSE	FALSE	FALSE	FALSE	FALSE	FALSE	FALSE	FALSE	FALSE	FALSE	FALSE	FALSE	FALSE	FALSE	FALSE	FALSE	FALSE	FALSE	FALSE	0		1	FALSE	FALSE		Not Set			1
1650	Beverage	Cocktail/Shot/Shaker	Long Island Iced Tea		Master Price Band	Standard	GST	Each	0	18.00					0		0	FALSE	FALSE	TRUE	FALSE	FALSE	FALSE	FALSE	FALSE	FALSE	FALSE			-1	TRUE	FALSE	0	0	FALSE	FALSE	0	0	TRUE	1	FALSE	FALSE	FALSE	FALSE	FALSE	FALSE	FALSE	FALSE	FALSE	FALSE	FALSE	FALSE	FALSE	FALSE	FALSE	FALSE	FALSE	FALSE	FALSE	FALSE	0		1	FALSE	FALSE		Not Set			1
1646	Beverage	Cocktail/Shot/Shaker	Margarita		Master Price Band	Standard	GST	Each	0	15.50					0		0	FALSE	FALSE	TRUE	FALSE	FALSE	FALSE	FALSE	FALSE	FALSE	FALSE			-1	TRUE	FALSE	0	0	FALSE	FALSE	0	0	TRUE	1	FALSE	FALSE	FALSE	FALSE	FALSE	FALSE	FALSE	FALSE	FALSE	FALSE	FALSE	FALSE	FALSE	FALSE	FALSE	FALSE	FALSE	FALSE	FALSE	FALSE	0		1	FALSE	FALSE		Not Set			1
1649	Beverage	Cocktail/Shot/Shaker	Mojito		Master Price Band	Standard	GST	Each	0	15.50					0		0	FALSE	FALSE	TRUE	FALSE	FALSE	FALSE	FALSE	FALSE	FALSE	FALSE			-1	TRUE	FALSE	0	0	FALSE	FALSE	0	0	TRUE	1	FALSE	FALSE	FALSE	FALSE	FALSE	FALSE	FALSE	FALSE	FALSE	FALSE	FALSE	FALSE	FALSE	FALSE	FALSE	FALSE	FALSE	FALSE	FALSE	FALSE	0		1	FALSE	FALSE		Not Set			1
2252	Beverage	Cocktail/Shot/Shaker	Quick F*ck		Master Price Band	Standard	GST	Each	0	12.00					0		0	FALSE	FALSE	TRUE	FALSE	FALSE	FALSE	FALSE	FALSE	FALSE	FALSE			-1	TRUE	FALSE	0	0	FALSE	FALSE	0	0	TRUE	1	FALSE	FALSE	FALSE	FALSE	FALSE	FALSE	FALSE	FALSE	FALSE	FALSE	FALSE	FALSE	FALSE	FALSE	FALSE	FALSE	FALSE	FALSE	FALSE	FALSE	0		1	FALSE	FALSE		Not Set			1
2286	Beverage	Cocktail/Shot/Shaker	Sex on the Beach		Master Price Band	Standard	GST	Each	0	15.50					0		0	FALSE	FALSE	TRUE	FALSE	FALSE	FALSE	FALSE	FALSE	FALSE	FALSE			-1	TRUE	FALSE	0	0	FALSE	FALSE	0	0	TRUE	1	FALSE	FALSE	FALSE	FALSE	FALSE	FALSE	FALSE	FALSE	FALSE	FALSE	FALSE	FALSE	FALSE	FALSE	FALSE	FALSE	FALSE	FALSE	FALSE	FALSE	0		1	FALSE	TRUE		Not Set			1
2244	Beverage	Cocktails	Redbull & Jager		Master Price Band	Standard	GST	Each	0	15.00					0		0	FALSE	FALSE	TRUE	FALSE	FALSE	FALSE	FALSE	FALSE	FALSE	FALSE			-1	TRUE	FALSE	0	0	FALSE	FALSE	0	0	TRUE	1	FALSE	FALSE	FALSE	FALSE	FALSE	FALSE	FALSE	FALSE	FALSE	FALSE	FALSE	FALSE	FALSE	FALSE	FALSE	FALSE	FALSE	FALSE	FALSE	FALSE	0		1	FALSE	FALSE		Not Set			1
2245	Beverage	Cocktails	Redbull & Tequila		Master Price Band	Standard	GST	Each	0	15.00					0		0	FALSE	FALSE	TRUE	FALSE	FALSE	FALSE	FALSE	FALSE	FALSE	FALSE			-1	TRUE	FALSE	0	0	FALSE	FALSE	0	0	TRUE	1	FALSE	FALSE	FALSE	FALSE	FALSE	FALSE	FALSE	FALSE	FALSE	FALSE	FALSE	FALSE	FALSE	FALSE	FALSE	FALSE	FALSE	FALSE	FALSE	FALSE	0		1	FALSE	FALSE		Not Set			1
2243	Beverage	Cocktails	Redbull & Vodka		Master Price Band	Standard	GST	Each	0	15.00					0		0	FALSE	FALSE	TRUE	FALSE	FALSE	FALSE	FALSE	FALSE	FALSE	FALSE			-1	TRUE	FALSE	0	0	FALSE	FALSE	0	0	TRUE	1	FALSE	FALSE	FALSE	FALSE	FALSE	FALSE	FALSE	FALSE	FALSE	FALSE	FALSE	FALSE	FALSE	FALSE	FALSE	FALSE	FALSE	FALSE	FALSE	FALSE	0		1	FALSE	FALSE		Not Set			1
1667	Beverage	Coffee	Cappuchino		Master Price Band	Standard	GST	Each	0	5.10					0		0	FALSE	FALSE	TRUE	FALSE	FALSE	FALSE	FALSE	FALSE	FALSE	FALSE			-1	TRUE	FALSE	0	0	FALSE	FALSE	0	0	TRUE	1	FALSE	FALSE	FALSE	FALSE	FALSE	FALSE	FALSE	FALSE	FALSE	FALSE	FALSE	FALSE	FALSE	FALSE	FALSE	FALSE	FALSE	FALSE	FALSE	FALSE	0		1	FALSE	FALSE		Not Set			1
1668	Beverage	Coffee	Chai Latte		Master Price Band	Standard	GST	Each	0	5.10					0		0	FALSE	FALSE	TRUE	FALSE	FALSE	FALSE	FALSE	FALSE	FALSE	FALSE			-1	TRUE	FALSE	0	0	FALSE	FALSE	0	0	TRUE	1	FALSE	FALSE	FALSE	FALSE	FALSE	FALSE	FALSE	FALSE	FALSE	FALSE	FALSE	FALSE	FALSE	FALSE	FALSE	FALSE	FALSE	FALSE	FALSE	FALSE	0		1	FALSE	FALSE		Not Set			1
1675	Beverage	Coffee	Earl Grey		Master Price Band	Standard	GST	Each	0	5.10					0		0	FALSE	FALSE	TRUE	FALSE	FALSE	FALSE	FALSE	FALSE	FALSE	FALSE			-1	TRUE	FALSE	0	0	FALSE	FALSE	0	0	TRUE	1	FALSE	FALSE	FALSE	FALSE	FALSE	FALSE	FALSE	FALSE	FALSE	FALSE	FALSE	FALSE	FALSE	FALSE	FALSE	FALSE	FALSE	FALSE	FALSE	FALSE	0		1	FALSE	FALSE		Not Set			1
1676	Beverage	Coffee	English Breakfast		Master Price Band	Standard	GST	Each	0	5.10					0		0	FALSE	FALSE	TRUE	FALSE	FALSE	FALSE	FALSE	FALSE	FALSE	FALSE			-1	TRUE	FALSE	0	0	FALSE	FALSE	0	0	TRUE	1	FALSE	FALSE	FALSE	FALSE	FALSE	FALSE	FALSE	FALSE	FALSE	FALSE	FALSE	FALSE	FALSE	FALSE	FALSE	FALSE	FALSE	FALSE	FALSE	FALSE	0		1	FALSE	FALSE		Not Set			1
1669	Beverage	Coffee	Flat White		Master Price Band	Standard	GST	Each	0	5.10					0		0	FALSE	FALSE	TRUE	FALSE	FALSE	FALSE	FALSE	FALSE	FALSE	FALSE			-1	TRUE	FALSE	0	0	FALSE	FALSE	0	0	TRUE	1	FALSE	FALSE	FALSE	FALSE	FALSE	FALSE	FALSE	FALSE	FALSE	FALSE	FALSE	FALSE	FALSE	FALSE	FALSE	FALSE	FALSE	FALSE	FALSE	FALSE	0		1	FALSE	FALSE		Not Set			1
1677	Beverage	Coffee	Green Tea		Master Price Band	Standard	GST	Each	0	5.10					0		0	FALSE	FALSE	TRUE	FALSE	FALSE	FALSE	FALSE	FALSE	FALSE	FALSE			-1	TRUE	FALSE	0	0	FALSE	FALSE	0	0	TRUE	1	FALSE	FALSE	FALSE	FALSE	FALSE	FALSE	FALSE	FALSE	FALSE	FALSE	FALSE	FALSE	FALSE	FALSE	FALSE	FALSE	FALSE	FALSE	FALSE	FALSE	0		1	FALSE	FALSE		Not Set			1
1674	Beverage	Coffee	Hot Chocolate		Master Price Band	Standard	GST	Each	0	5.10					0		0	FALSE	FALSE	TRUE	FALSE	FALSE	FALSE	FALSE	FALSE	FALSE	FALSE			-1	TRUE	FALSE	0	0	FALSE	FALSE	0	0	TRUE	1	FALSE	FALSE	FALSE	FALSE	FALSE	FALSE	FALSE	FALSE	FALSE	FALSE	FALSE	FALSE	FALSE	FALSE	FALSE	FALSE	FALSE	FALSE	FALSE	FALSE	0		1	FALSE	FALSE		Not Set			1
1670	Beverage	Coffee	Latte		Master Price Band	Standard	GST	Each	0	5.10					0		0	FALSE	FALSE	TRUE	FALSE	FALSE	FALSE	FALSE	FALSE	FALSE	FALSE			-1	TRUE	FALSE	0	0	FALSE	FALSE	0	0	TRUE	1	FALSE	FALSE	FALSE	FALSE	FALSE	FALSE	FALSE	FALSE	FALSE	FALSE	FALSE	FALSE	FALSE	FALSE	FALSE	FALSE	FALSE	FALSE	FALSE	FALSE	0		1	FALSE	FALSE		Not Set			1
1673	Beverage	Coffee	Long Black		Master Price Band	Standard	GST	Each	0	5.10					0		0	FALSE	FALSE	TRUE	FALSE	FALSE	FALSE	FALSE	FALSE	FALSE	FALSE			-1	TRUE	FALSE	0	0	FALSE	FALSE	0	0	TRUE	1	FALSE	FALSE	FALSE	FALSE	FALSE	FALSE	FALSE	FALSE	FALSE	FALSE	FALSE	FALSE	FALSE	FALSE	FALSE	FALSE	FALSE	FALSE	FALSE	FALSE	0		1	FALSE	FALSE		Not Set			1
1671	Beverage	Coffee	Mocha		Master Price Band	Standard	GST	Each	0	5.10					0		0	FALSE	FALSE	TRUE	FALSE	FALSE	FALSE	FALSE	FALSE	FALSE	FALSE			-1	TRUE	FALSE	0	0	FALSE	FALSE	0	0	TRUE	1	FALSE	FALSE	FALSE	FALSE	FALSE	FALSE	FALSE	FALSE	FALSE	FALSE	FALSE	FALSE	FALSE	FALSE	FALSE	FALSE	FALSE	FALSE	FALSE	FALSE	0		1	FALSE	FALSE		Not Set			1
1672	Beverage	Coffee	Short Black		Master Price Band	Standard	GST	Each	0	5.10					0		0	FALSE	FALSE	TRUE	FALSE	FALSE	FALSE	FALSE	FALSE	FALSE	FALSE			-1	TRUE	FALSE	0	0	FALSE	FALSE	0	0	TRUE	1	FALSE	FALSE	FALSE	FALSE	FALSE	FALSE	FALSE	FALSE	FALSE	FALSE	FALSE	FALSE	FALSE	FALSE	FALSE	FALSE	FALSE	FALSE	FALSE	FALSE	0		1	FALSE	FALSE		Not Set			1
1834	Beverage	Gin	Bombay Sapphire London Dry Gin		Master Price Band	Standard	GST	15ml	0	9.50					0		0	FALSE	FALSE	TRUE	FALSE	FALSE	FALSE	FALSE	FALSE	FALSE	FALSE			-1	TRUE	FALSE	0	0	FALSE	FALSE	0	0	TRUE	1	FALSE	FALSE	FALSE	FALSE	FALSE	FALSE	FALSE	FALSE	FALSE	FALSE	FALSE	FALSE	FALSE	FALSE	FALSE	FALSE	FALSE	FALSE	FALSE	FALSE	0		1	FALSE	FALSE		Not Set			1
1834	Beverage	Gin	Bombay Sapphire London Dry Gin		Master Price Band	Standard	GST	30ml		12.50																				-1																																								
1835	Beverage	Gin	Four Pillars Bloody Shiraz Gin		Master Price Band	Standard	GST	15ml	0	10.00					0		0	FALSE	FALSE	TRUE	FALSE	FALSE	FALSE	FALSE	FALSE	FALSE	FALSE			-1	TRUE	FALSE	0	0	FALSE	FALSE	0	0	TRUE	1	FALSE	FALSE	FALSE	FALSE	FALSE	FALSE	FALSE	FALSE	FALSE	FALSE	FALSE	FALSE	FALSE	FALSE	FALSE	FALSE	FALSE	FALSE	FALSE	FALSE	0		1	FALSE	FALSE		Not Set			1
1835	Beverage	Gin	Four Pillars Bloody Shiraz Gin		Master Price Band	Standard	GST	30ml		12.50																				-1																																								
1836	Beverage	Gin	Four Pillars Fresh Yuzu Gin		Master Price Band	Standard	GST	15ml	0	10.00					0		0	FALSE	FALSE	TRUE	FALSE	FALSE	FALSE	FALSE	FALSE	FALSE	FALSE			-1	TRUE	FALSE	0	0	FALSE	FALSE	0	0	TRUE	1	FALSE	FALSE	FALSE	FALSE	FALSE	FALSE	FALSE	FALSE	FALSE	FALSE	FALSE	FALSE	FALSE	FALSE	FALSE	FALSE	FALSE	FALSE	FALSE	FALSE	0		1	FALSE	FALSE		Not Set			1
1836	Beverage	Gin	Four Pillars Fresh Yuzu Gin		Master Price Band	Standard	GST	30ml		12.50																				-1																																								
1837	Beverage	Gin	Four Pillars Rare Dry Gin		Master Price Band	Standard	GST	15ml	0	10.00					0		0	FALSE	FALSE	TRUE	FALSE	FALSE	FALSE	FALSE	FALSE	FALSE	FALSE			-1	TRUE	FALSE	0	0	FALSE	FALSE	0	0	TRUE	1	FALSE	FALSE	FALSE	FALSE	FALSE	FALSE	FALSE	FALSE	FALSE	FALSE	FALSE	FALSE	FALSE	FALSE	FALSE	FALSE	FALSE	FALSE	FALSE	FALSE	0		1	FALSE	FALSE		Not Set			1
1837	Beverage	Gin	Four Pillars Rare Dry Gin		Master Price Band	Standard	GST	30ml		12.50																				-1																																								
1838	Beverage	Gin	Gordons London Dry Gin		Master Price Band	Standard	GST	15ml	0	9.00					0		0	FALSE	FALSE	TRUE	FALSE	FALSE	FALSE	FALSE	FALSE	FALSE	FALSE			-1	TRUE	FALSE	0	0	FALSE	FALSE	0	0	TRUE	1	FALSE	FALSE	FALSE	FALSE	FALSE	FALSE	FALSE	FALSE	FALSE	FALSE	FALSE	FALSE	FALSE	FALSE	FALSE	FALSE	FALSE	FALSE	FALSE	FALSE	0		1	FALSE	FALSE		Not Set			1
1838	Beverage	Gin	Gordons London Dry Gin		Master Price Band	Standard	GST	30ml		11.00																				-1																																								
1839	Beverage	Gin	Gordons London Pink Gin		Master Price Band	Standard	GST	15ml	0	9.50					0		0	FALSE	FALSE	TRUE	FALSE	FALSE	FALSE	FALSE	FALSE	FALSE	FALSE			-1	TRUE	FALSE	0	0	FALSE	FALSE	0	0	TRUE	1	FALSE	FALSE	FALSE	FALSE	FALSE	FALSE	FALSE	FALSE	FALSE	FALSE	FALSE	FALSE	FALSE	FALSE	FALSE	FALSE	FALSE	FALSE	FALSE	FALSE	0		1	FALSE	FALSE		Not Set			1
1839	Beverage	Gin	Gordons London Pink Gin		Master Price Band	Standard	GST	30ml		12.50																				-1																																								
1840	Beverage	Gin	Hendricks		Master Price Band	Standard	GST	15ml	0	11.50					0		0	FALSE	FALSE	TRUE	FALSE	FALSE	FALSE	FALSE	FALSE	FALSE	FALSE			-1	TRUE	FALSE	0	0	FALSE	FALSE	0	0	TRUE	1	FALSE	FALSE	FALSE	FALSE	FALSE	FALSE	FALSE	FALSE	FALSE	FALSE	FALSE	FALSE	FALSE	FALSE	FALSE	FALSE	FALSE	FALSE	FALSE	FALSE	0		1	FALSE	FALSE		Not Set			1
1840	Beverage	Gin	Hendricks		Master Price Band	Standard	GST	30ml		14.50																				-1																																								
1841	Beverage	Gin	Rogue Society Gin		Master Price Band	Standard	GST	15ml	0	11.50					0		0	FALSE	FALSE	TRUE	FALSE	FALSE	FALSE	FALSE	FALSE	FALSE	FALSE			-1	TRUE	FALSE	0	0	FALSE	FALSE	0	0	TRUE	1	FALSE	FALSE	FALSE	FALSE	FALSE	FALSE	FALSE	FALSE	FALSE	FALSE	FALSE	FALSE	FALSE	FALSE	FALSE	FALSE	FALSE	FALSE	FALSE	FALSE	0		1	FALSE	FALSE		Not Set			1
1841	Beverage	Gin	Rogue Society Gin		Master Price Band	Standard	GST	30ml		14.50																				-1																																								
1842	Beverage	Gin	Roku Japanese		Master Price Band	Standard	GST	15ml	0	11.50					0		0	FALSE	FALSE	TRUE	FALSE	FALSE	FALSE	FALSE	FALSE	FALSE	FALSE			-1	TRUE	FALSE	0	0	FALSE	FALSE	0	0	TRUE	1	FALSE	FALSE	FALSE	FALSE	FALSE	FALSE	FALSE	FALSE	FALSE	FALSE	FALSE	FALSE	FALSE	FALSE	FALSE	FALSE	FALSE	FALSE	FALSE	FALSE	0		1	FALSE	FALSE		Not Set			1
1842	Beverage	Gin	Roku Japanese		Master Price Band	Standard	GST	30ml		14.50																				-1																																								
1843	Beverage	Gin	Scapegrace Classic Premium Dry Gin		Master Price Band	Standard	GST	15ml	0	11.50					0		0	FALSE	FALSE	TRUE	FALSE	FALSE	FALSE	FALSE	FALSE	FALSE	FALSE			-1	TRUE	FALSE	0	0	FALSE	FALSE	0	0	TRUE	1	FALSE	FALSE	FALSE	FALSE	FALSE	FALSE	FALSE	FALSE	FALSE	FALSE	FALSE	FALSE	FALSE	FALSE	FALSE	FALSE	FALSE	FALSE	FALSE	FALSE	0		1	FALSE	FALSE		Not Set			1
1843	Beverage	Gin	Scapegrace Classic Premium Dry Gin		Master Price Band	Standard	GST	30ml		14.50																				-1																																								
1844	Beverage	Gin	Tanqueray		Master Price Band	Standard	GST	15ml	0	9.00					0		0	FALSE	FALSE	TRUE	FALSE	FALSE	FALSE	FALSE	FALSE	FALSE	FALSE			-1	TRUE	FALSE	0	0	FALSE	FALSE	0	0	TRUE	1	FALSE	FALSE	FALSE	FALSE	FALSE	FALSE	FALSE	FALSE	FALSE	FALSE	FALSE	FALSE	FALSE	FALSE	FALSE	FALSE	FALSE	FALSE	FALSE	FALSE	0		1	FALSE	FALSE		Not Set			1
1844	Beverage	Gin	Tanqueray		Master Price Band	Standard	GST	30ml		12.50																				-1																																								
1001	Beverage	Misc Drinks	Open Drink		Master Price Band	Standard	GST	Each	0	0.00					0		0	FALSE	FALSE	TRUE	FALSE	FALSE	TRUE	FALSE	FALSE	FALSE	FALSE			-1	TRUE	FALSE	0	0	FALSE	FALSE	0	0	TRUE	1	FALSE	FALSE	FALSE	FALSE	FALSE	FALSE	FALSE	FALSE	FALSE	FALSE	FALSE	FALSE	FALSE	FALSE	FALSE	FALSE	FALSE	FALSE	FALSE	FALSE	0		1	FALSE	FALSE		Not Set			0
1651	Beverage	Non Alcoholic	Apple Juice		Master Price Band	Standard	GST	Glass	0	5.70					0		0	FALSE	FALSE	TRUE	FALSE	FALSE	FALSE	FALSE	FALSE	FALSE	FALSE			-1	TRUE	FALSE	0	0	FALSE	FALSE	0	0	TRUE	1	FALSE	FALSE	FALSE	FALSE	FALSE	FALSE	FALSE	FALSE	FALSE	FALSE	FALSE	FALSE	FALSE	FALSE	FALSE	FALSE	FALSE	FALSE	FALSE	FALSE	0		1	FALSE	FALSE		Not Set			1
1651	Beverage	Non Alcoholic	Apple Juice		Master Price Band	Standard	GST	Jug		10.20																				-1																																								
1651	Beverage	Non Alcoholic	Apple Juice		Master Price Band	Standard	GST	Kids		4.00																				-1																																								
1651	Beverage	Non Alcoholic	Apple Juice		Master Price Band	Standard	GST	Pint		6.20																				-1																																								
2288	Beverage	Non Alcoholic	Cloverless Sour (Non Alcoholic)		Master Price Band	Standard	GST	Each	0	15.50					0		0	FALSE	FALSE	TRUE	FALSE	FALSE	FALSE	FALSE	FALSE	FALSE	FALSE			-1	TRUE	FALSE	0	0	FALSE	FALSE	0	0	TRUE	1	FALSE	FALSE	FALSE	FALSE	FALSE	FALSE	FALSE	FALSE	FALSE	FALSE	FALSE	FALSE	FALSE	FALSE	FALSE	FALSE	FALSE	FALSE	FALSE	FALSE	0		1	FALSE	FALSE		Not Set			1
1656	Beverage	Non Alcoholic	Coca-Cola Classic		Master Price Band	Standard	GST	Glass	0	4.60					0		0	FALSE	FALSE	TRUE	FALSE	FALSE	FALSE	FALSE	FALSE	FALSE	FALSE			-1	TRUE	FALSE	0	0	FALSE	FALSE	0	0	TRUE	1	FALSE	FALSE	FALSE	FALSE	FALSE	FALSE	FALSE	FALSE	FALSE	FALSE	FALSE	FALSE	FALSE	FALSE	FALSE	FALSE	FALSE	FALSE	FALSE	FALSE	0		1	FALSE	FALSE		Not Set			1
1656	Beverage	Non Alcoholic	Coca-Cola Classic		Master Price Band	Standard	GST	Jug		8.20																				-1																																								
1656	Beverage	Non Alcoholic	Coca-Cola Classic		Master Price Band	Standard	GST	Kids		4.00																				-1																																								
1656	Beverage	Non Alcoholic	Coca-Cola Classic		Master Price Band	Standard	GST	Pint		5.70																				-1																																								
1657	Beverage	Non Alcoholic	Coca-Cola No Sugar		Master Price Band	Standard	GST	Glass	0	4.60					0		0	FALSE	FALSE	TRUE	FALSE	FALSE	FALSE	FALSE	FALSE	FALSE	FALSE			-1	TRUE	FALSE	0	0	FALSE	FALSE	0	0	TRUE	1	FALSE	FALSE	FALSE	FALSE	FALSE	FALSE	FALSE	FALSE	FALSE	FALSE	FALSE	FALSE	FALSE	FALSE	FALSE	FALSE	FALSE	FALSE	FALSE	FALSE	0		1	FALSE	FALSE		Not Set			1
1657	Beverage	Non Alcoholic	Coca-Cola No Sugar		Master Price Band	Standard	GST	Jug		8.20																				-1																																								
1657	Beverage	Non Alcoholic	Coca-Cola No Sugar		Master Price Band	Standard	GST	Kids		4.00																				-1																																								
1657	Beverage	Non Alcoholic	Coca-Cola No Sugar		Master Price Band	Standard	GST	Pint		5.70																				-1																																								
1652	Beverage	Non Alcoholic	Cranberry Juice		Master Price Band	Standard	GST	Glass	0	5.70					0		0	FALSE	FALSE	TRUE	FALSE	FALSE	FALSE	FALSE	FALSE	FALSE	FALSE			-1	TRUE	FALSE	0	0	FALSE	FALSE	0	0	TRUE	1	FALSE	FALSE	FALSE	FALSE	FALSE	FALSE	FALSE	FALSE	FALSE	FALSE	FALSE	FALSE	FALSE	FALSE	FALSE	FALSE	FALSE	FALSE	FALSE	FALSE	0		1	FALSE	FALSE		Not Set			1
1652	Beverage	Non Alcoholic	Cranberry Juice		Master Price Band	Standard	GST	Jug		10.20																				-1																																								
1652	Beverage	Non Alcoholic	Cranberry Juice		Master Price Band	Standard	GST	Kids		4.00																				-1																																								
1652	Beverage	Non Alcoholic	Cranberry Juice		Master Price Band	Standard	GST	Pint		6.20																				-1																																								
1660	Beverage	Non Alcoholic	Ginger Ale		Master Price Band	Standard	GST	Glass	0	4.60					0		0	FALSE	FALSE	TRUE	FALSE	FALSE	FALSE	FALSE	FALSE	FALSE	FALSE			-1	TRUE	FALSE	0	0	FALSE	FALSE	0	0	TRUE	1	FALSE	FALSE	FALSE	FALSE	FALSE	FALSE	FALSE	FALSE	FALSE	FALSE	FALSE	FALSE	FALSE	FALSE	FALSE	FALSE	FALSE	FALSE	FALSE	FALSE	0		1	FALSE	FALSE		Not Set			1
1660	Beverage	Non Alcoholic	Ginger Ale		Master Price Band	Standard	GST	Jug		8.20																				-1																																								
1660	Beverage	Non Alcoholic	Ginger Ale		Master Price Band	Standard	GST	Kids		4.00																				-1																																								
1660	Beverage	Non Alcoholic	Ginger Ale		Master Price Band	Standard	GST	Pint		5.70																				-1																																								
1664	Beverage	Non Alcoholic	Ginger Beer (330ml)		Master Price Band	Standard	GST	Each	0	5.70					0		0	FALSE	FALSE	TRUE	FALSE	FALSE	FALSE	FALSE	FALSE	FALSE	FALSE			-1	TRUE	FALSE	0	0	FALSE	FALSE	0	0	TRUE	1	FALSE	FALSE	FALSE	FALSE	FALSE	FALSE	FALSE	FALSE	FALSE	FALSE	FALSE	FALSE	FALSE	FALSE	FALSE	FALSE	FALSE	FALSE	FALSE	FALSE	0		1	FALSE	FALSE		Not Set			1
1661	Beverage	Non Alcoholic	Indian Tonic Water		Master Price Band	Standard	GST	Glass	0	4.60					0		0	FALSE	FALSE	TRUE	FALSE	FALSE	FALSE	FALSE	FALSE	FALSE	FALSE			-1	TRUE	FALSE	0	0	FALSE	FALSE	0	0	TRUE	1	FALSE	FALSE	FALSE	FALSE	FALSE	FALSE	FALSE	FALSE	FALSE	FALSE	FALSE	FALSE	FALSE	FALSE	FALSE	FALSE	FALSE	FALSE	FALSE	FALSE	0		1	FALSE	FALSE		Not Set			1
1661	Beverage	Non Alcoholic	Indian Tonic Water		Master Price Band	Standard	GST	Jug		8.20																				-1																																								
1661	Beverage	Non Alcoholic	Indian Tonic Water		Master Price Band	Standard	GST	Kids		4.00																				-1																																								
1661	Beverage	Non Alcoholic	Indian Tonic Water		Master Price Band	Standard	GST	Pint		5.70																				-1																																								
1658	Beverage	Non Alcoholic	L&P		Master Price Band	Standard	GST	Glass	0	4.60					0		0	FALSE	FALSE	TRUE	FALSE	FALSE	FALSE	FALSE	FALSE	FALSE	FALSE			-1	TRUE	FALSE	0	0	FALSE	FALSE	0	0	TRUE	1	FALSE	FALSE	FALSE	FALSE	FALSE	FALSE	FALSE	FALSE	FALSE	FALSE	FALSE	FALSE	FALSE	FALSE	FALSE	FALSE	FALSE	FALSE	FALSE	FALSE	0		1	FALSE	FALSE		Not Set			1
1658	Beverage	Non Alcoholic	L&P		Master Price Band	Standard	GST	Jug		8.20																				-1																																								
1658	Beverage	Non Alcoholic	L&P		Master Price Band	Standard	GST	Kids		4.00																				-1																																								
1658	Beverage	Non Alcoholic	L&P		Master Price Band	Standard	GST	Pint		5.70																				-1																																								
1662	Beverage	Non Alcoholic	Lemon, Lime & Bitters		Master Price Band	Standard	GST	Glass	0	5.10					0		0	FALSE	FALSE	TRUE	FALSE	FALSE	FALSE	FALSE	FALSE	FALSE	FALSE			-1	TRUE	FALSE	0	0	FALSE	FALSE	0	0	TRUE	1	FALSE	FALSE	FALSE	FALSE	FALSE	FALSE	FALSE	FALSE	FALSE	FALSE	FALSE	FALSE	FALSE	FALSE	FALSE	FALSE	FALSE	FALSE	FALSE	FALSE	0		1	FALSE	FALSE		Not Set			1
1662	Beverage	Non Alcoholic	Lemon, Lime & Bitters		Master Price Band	Standard	GST	Jug		10.20																				-1																																								
1662	Beverage	Non Alcoholic	Lemon, Lime & Bitters		Master Price Band	Standard	GST	Kids		4.00																				-1																																								
1662	Beverage	Non Alcoholic	Lemon, Lime & Bitters		Master Price Band	Standard	GST	Pint		6.20																				-1																																								
1659	Beverage	Non Alcoholic	Lemonade		Master Price Band	Standard	GST	Glass	0	4.60					0		0	FALSE	FALSE	TRUE	FALSE	FALSE	FALSE	FALSE	FALSE	FALSE	FALSE			-1	TRUE	FALSE	0	0	FALSE	FALSE	0	0	TRUE	1	FALSE	FALSE	FALSE	FALSE	FALSE	FALSE	FALSE	FALSE	FALSE	FALSE	FALSE	FALSE	FALSE	FALSE	FALSE	FALSE	FALSE	FALSE	FALSE	FALSE	0		1	FALSE	FALSE		Not Set			1
1659	Beverage	Non Alcoholic	Lemonade		Master Price Band	Standard	GST	Jug		8.20																				-1																																								
1659	Beverage	Non Alcoholic	Lemonade		Master Price Band	Standard	GST	Kids		4.00																				-1																																								
1659	Beverage	Non Alcoholic	Lemonade		Master Price Band	Standard	GST	Pint		5.70																				-1																																								
1653	Beverage	Non Alcoholic	Orange Juice		Master Price Band	Standard	GST	Glass	0	5.70					0		0	FALSE	FALSE	TRUE	FALSE	FALSE	FALSE	FALSE	FALSE	FALSE	FALSE			-1	TRUE	FALSE	0	0	FALSE	FALSE	0	0	TRUE	1	FALSE	FALSE	FALSE	FALSE	FALSE	FALSE	FALSE	FALSE	FALSE	FALSE	FALSE	FALSE	FALSE	FALSE	FALSE	FALSE	FALSE	FALSE	FALSE	FALSE	0		1	FALSE	FALSE		Not Set			1
1653	Beverage	Non Alcoholic	Orange Juice		Master Price Band	Standard	GST	Jug		10.20																				-1																																								
1653	Beverage	Non Alcoholic	Orange Juice		Master Price Band	Standard	GST	Kids		4.00																				-1																																								
1653	Beverage	Non Alcoholic	Orange Juice		Master Price Band	Standard	GST	Pint		6.20																				-1																																								
1654	Beverage	Non Alcoholic	Pineapple Juice		Master Price Band	Standard	GST	Glass	0	5.70					0		0	FALSE	FALSE	TRUE	FALSE	FALSE	FALSE	FALSE	FALSE	FALSE	FALSE			-1	TRUE	FALSE	0	0	FALSE	FALSE	0	0	TRUE	1	FALSE	FALSE	FALSE	FALSE	FALSE	FALSE	FALSE	FALSE	FALSE	FALSE	FALSE	FALSE	FALSE	FALSE	FALSE	FALSE	FALSE	FALSE	FALSE	FALSE	0		1	FALSE	FALSE		Not Set			1
1654	Beverage	Non Alcoholic	Pineapple Juice		Master Price Band	Standard	GST	Jug		10.20																				-1																																								
1654	Beverage	Non Alcoholic	Pineapple Juice		Master Price Band	Standard	GST	Kids		4.00																				-1																																								
1654	Beverage	Non Alcoholic	Pineapple Juice		Master Price Band	Standard	GST	Pint		6.20																				-1																																								
2044	Beverage	Non Alcoholic	Rasp 		Master Price Band	Standard	GST	No Measure	0	0.00					0		0	FALSE	FALSE	FALSE	FALSE	FALSE	FALSE	FALSE	FALSE	FALSE	FALSE			-1	TRUE	FALSE	0	0	FALSE	FALSE	0	0	TRUE	1	FALSE	FALSE	FALSE	FALSE	FALSE	FALSE	FALSE	FALSE	FALSE	FALSE	FALSE	FALSE	FALSE	FALSE	FALSE	FALSE	FALSE	FALSE	FALSE	FALSE	0		1	TRUE	FALSE		Not Set			0
2045	Beverage	Non Alcoholic	Rasp Cordial 		Master Price Band	Standard	GST	Each	0	0.00					0		0	TRUE	FALSE	TRUE	FALSE	FALSE	FALSE	FALSE	FALSE	FALSE	FALSE			-1	TRUE	FALSE	0	0	FALSE	FALSE	0	0	TRUE	1	FALSE	FALSE	FALSE	FALSE	FALSE	FALSE	FALSE	FALSE	FALSE	FALSE	FALSE	FALSE	FALSE	FALSE	FALSE	FALSE	FALSE	FALSE	FALSE	FALSE	0		1	FALSE	FALSE		Not Set			1
1663	Beverage	Non Alcoholic	Redbull Can (200ml)		Master Price Band	Standard	GST	Each	0	6.70					0		0	FALSE	FALSE	TRUE	FALSE	FALSE	FALSE	FALSE	FALSE	FALSE	FALSE			-1	TRUE	FALSE	0	0	FALSE	FALSE	0	0	TRUE	1	FALSE	FALSE	FALSE	FALSE	FALSE	FALSE	FALSE	FALSE	FALSE	FALSE	FALSE	FALSE	FALSE	FALSE	FALSE	FALSE	FALSE	FALSE	FALSE	FALSE	0		1	FALSE	FALSE		Not Set			1
2262	Beverage	Non Alcoholic	Soda Water		Master Price Band	Standard	GST	Glass	0	-1.00					0		0	FALSE	FALSE	TRUE	FALSE	FALSE	FALSE	FALSE	FALSE	FALSE	FALSE			-1	TRUE	FALSE	0	0	FALSE	FALSE	0	0	TRUE	1	FALSE	FALSE	FALSE	FALSE	FALSE	FALSE	FALSE	FALSE	FALSE	FALSE	FALSE	FALSE	FALSE	FALSE	FALSE	FALSE	FALSE	FALSE	FALSE	FALSE	0		1	FALSE	FALSE		Not Set			1
2262	Beverage	Non Alcoholic	Soda Water		Master Price Band	Standard	GST	Kids		-1.00																				-1																																								
2262	Beverage	Non Alcoholic	Soda Water		Master Price Band	Standard	GST	Pint		-1.00																				-1																																								
2264	Beverage	Non Alcoholic	Sprite Zero		Master Price Band	Standard	GST	Each	0	5.70					0		0	FALSE	FALSE	TRUE	FALSE	FALSE	FALSE	FALSE	FALSE	FALSE	FALSE			-1	TRUE	FALSE	0	0	FALSE	FALSE	0	0	TRUE	1	FALSE	FALSE	FALSE	FALSE	FALSE	FALSE	FALSE	FALSE	FALSE	FALSE	FALSE	FALSE	FALSE	FALSE	FALSE	FALSE	FALSE	FALSE	FALSE	FALSE	0		1	FALSE	FALSE		Not Set			1
1655	Beverage	Non Alcoholic	Tomato Juice		Master Price Band	Standard	GST	Glass	0	5.70					0		0	FALSE	FALSE	TRUE	FALSE	FALSE	FALSE	FALSE	FALSE	FALSE	FALSE			-1	TRUE	FALSE	0	0	FALSE	FALSE	0	0	TRUE	1	FALSE	FALSE	FALSE	FALSE	FALSE	FALSE	FALSE	FALSE	FALSE	FALSE	FALSE	FALSE	FALSE	FALSE	FALSE	FALSE	FALSE	FALSE	FALSE	FALSE	0		1	FALSE	FALSE		Not Set			1
1655	Beverage	Non Alcoholic	Tomato Juice		Master Price Band	Standard	GST	Jug		10.20																				-1																																								
1655	Beverage	Non Alcoholic	Tomato Juice		Master Price Band	Standard	GST	Kids		4.00																				-1																																								
1655	Beverage	Non Alcoholic	Tomato Juice		Master Price Band	Standard	GST	Pint		6.20																				-1																																								
1666	Beverage	Non Alcoholic	Voyager Water Sparkling		Master Price Band	Standard	GST	Each	0	10.50					0		0	FALSE	FALSE	TRUE	FALSE	FALSE	FALSE	FALSE	FALSE	FALSE	FALSE			-1	TRUE	FALSE	0	0	FALSE	FALSE	0	0	TRUE	1	FALSE	FALSE	FALSE	FALSE	FALSE	FALSE	FALSE	FALSE	FALSE	FALSE	FALSE	FALSE	FALSE	FALSE	FALSE	FALSE	FALSE	FALSE	FALSE	FALSE	0		1	FALSE	FALSE		Not Set			1
1665	Beverage	Non Alcoholic	Voyager Water Still		Master Price Band	Standard	GST	Each	0	10.50					0		0	FALSE	FALSE	TRUE	FALSE	FALSE	FALSE	FALSE	FALSE	FALSE	FALSE			-1	TRUE	FALSE	0	0	FALSE	FALSE	0	0	TRUE	1	FALSE	FALSE	FALSE	FALSE	FALSE	FALSE	FALSE	FALSE	FALSE	FALSE	FALSE	FALSE	FALSE	FALSE	FALSE	FALSE	FALSE	FALSE	FALSE	FALSE	0		1	FALSE	FALSE		Not Set			1
2263	Beverage	Non Alcoholic	Water		Master Price Band	Standard	GST	Glass	0	-1.00					0		0	FALSE	FALSE	FALSE	FALSE	FALSE	FALSE	FALSE	FALSE	FALSE	FALSE			-1	FALSE	FALSE	0	0	FALSE	FALSE	0	0	FALSE	1	FALSE	FALSE	FALSE	FALSE	FALSE	FALSE	FALSE	FALSE	FALSE	FALSE	FALSE	FALSE	FALSE	FALSE	FALSE	FALSE	FALSE	FALSE	FALSE	FALSE	0		1	FALSE	FALSE		Not Set			1
2263	Beverage	Non Alcoholic	Water		Master Price Band	Standard	GST	Jug		-1.00																				-1																																								
2263	Beverage	Non Alcoholic	Water		Master Price Band	Standard	GST	Kids		-1.00																				-1																																								
2263	Beverage	Non Alcoholic	Water		Master Price Band	Standard	GST	Pint		-1.00																				-1																																								
1845	Beverage	Other Spirits / Liquers	Agavero Tequila Liqueur		Master Price Band	Standard	GST	15ml	0	11.50					0		0	FALSE	FALSE	TRUE	FALSE	FALSE	FALSE	FALSE	FALSE	FALSE	FALSE			-1	TRUE	FALSE	0	0	FALSE	FALSE	0	0	TRUE	1	FALSE	FALSE	FALSE	FALSE	FALSE	FALSE	FALSE	FALSE	FALSE	FALSE	FALSE	FALSE	FALSE	FALSE	FALSE	FALSE	FALSE	FALSE	FALSE	FALSE	0		1	FALSE	FALSE		Not Set			1
1845	Beverage	Other Spirits / Liquers	Agavero Tequila Liqueur		Master Price Band	Standard	GST	30ml		14.50																				-1																																								
1846	Beverage	Other Spirits / Liquers	Baileys Irish Cream		Master Price Band	Standard	GST	15ml	0	9.50					0		0	FALSE	FALSE	TRUE	FALSE	FALSE	FALSE	FALSE	FALSE	FALSE	FALSE			-1	TRUE	FALSE	0	0	FALSE	FALSE	0	0	TRUE	1	FALSE	FALSE	FALSE	FALSE	FALSE	FALSE	FALSE	FALSE	FALSE	FALSE	FALSE	FALSE	FALSE	FALSE	FALSE	FALSE	FALSE	FALSE	FALSE	FALSE	0		1	FALSE	FALSE		Not Set			1
1846	Beverage	Other Spirits / Liquers	Baileys Irish Cream		Master Price Band	Standard	GST	30ml		12.00																				-1																																								
1847	Beverage	Other Spirits / Liquers	Bols Triple Sec		Master Price Band	Standard	GST	15ml	0	10.00					0		0	FALSE	FALSE	TRUE	FALSE	FALSE	FALSE	FALSE	FALSE	FALSE	FALSE			-1	TRUE	FALSE	0	0	FALSE	FALSE	0	0	TRUE	1	FALSE	FALSE	FALSE	FALSE	FALSE	FALSE	FALSE	FALSE	FALSE	FALSE	FALSE	FALSE	FALSE	FALSE	FALSE	FALSE	FALSE	FALSE	FALSE	FALSE	0		1	FALSE	FALSE		Not Set			1
1847	Beverage	Other Spirits / Liquers	Bols Triple Sec		Master Price Band	Standard	GST	30ml		12.50																				-1																																								
1848	Beverage	Other Spirits / Liquers	Chambord		Master Price Band	Standard	GST	15ml	0	11.50					0		0	FALSE	FALSE	TRUE	FALSE	FALSE	FALSE	FALSE	FALSE	FALSE	FALSE			-1	TRUE	FALSE	0	0	FALSE	FALSE	0	0	TRUE	1	FALSE	FALSE	FALSE	FALSE	FALSE	FALSE	FALSE	FALSE	FALSE	FALSE	FALSE	FALSE	FALSE	FALSE	FALSE	FALSE	FALSE	FALSE	FALSE	FALSE	0		1	FALSE	FALSE		Not Set			1
1848	Beverage	Other Spirits / Liquers	Chambord		Master Price Band	Standard	GST	30ml		14.50																				-1																																								
1849	Beverage	Other Spirits / Liquers	Cointreau		Master Price Band	Standard	GST	15ml	0	11.50					0		0	FALSE	FALSE	TRUE	FALSE	FALSE	FALSE	FALSE	FALSE	FALSE	FALSE			-1	TRUE	FALSE	0	0	FALSE	FALSE	0	0	TRUE	1	FALSE	FALSE	FALSE	FALSE	FALSE	FALSE	FALSE	FALSE	FALSE	FALSE	FALSE	FALSE	FALSE	FALSE	FALSE	FALSE	FALSE	FALSE	FALSE	FALSE	0		1	FALSE	FALSE		Not Set			1
1849	Beverage	Other Spirits / Liquers	Cointreau		Master Price Band	Standard	GST	30ml		14.50																				-1																																								
1850	Beverage	Other Spirits / Liquers	De Kuyper Blue Curacao		Master Price Band	Standard	GST	15ml	0	9.50					0		0	FALSE	FALSE	TRUE	FALSE	FALSE	FALSE	FALSE	FALSE	FALSE	FALSE			-1	TRUE	FALSE	0	0	FALSE	FALSE	0	0	TRUE	1	FALSE	FALSE	FALSE	FALSE	FALSE	FALSE	FALSE	FALSE	FALSE	FALSE	FALSE	FALSE	FALSE	FALSE	FALSE	FALSE	FALSE	FALSE	FALSE	FALSE	0		1	FALSE	FALSE		Not Set			1
1850	Beverage	Other Spirits / Liquers	De Kuyper Blue Curacao		Master Price Band	Standard	GST	30ml		12.50																				-1																																								
1851	Beverage	Other Spirits / Liquers	De Kyuper Butterschotch Schnapps		Master Price Band	Standard	GST	15ml	0	9.50					0		0	FALSE	FALSE	TRUE	FALSE	FALSE	FALSE	FALSE	FALSE	FALSE	FALSE			-1	TRUE	FALSE	0	0	FALSE	FALSE	0	0	TRUE	1	FALSE	FALSE	FALSE	FALSE	FALSE	FALSE	FALSE	FALSE	FALSE	FALSE	FALSE	FALSE	FALSE	FALSE	FALSE	FALSE	FALSE	FALSE	FALSE	FALSE	0		1	FALSE	FALSE		Not Set			1
1851	Beverage	Other Spirits / Liquers	De Kyuper Butterschotch Schnapps		Master Price Band	Standard	GST	30ml		12.50																				-1																																								
1852	Beverage	Other Spirits / Liquers	De Kyuper Peach Schnapps		Master Price Band	Standard	GST	15ml	0	9.50					0		0	FALSE	FALSE	TRUE	FALSE	FALSE	FALSE	FALSE	FALSE	FALSE	FALSE			-1	TRUE	FALSE	0	0	FALSE	FALSE	0	0	TRUE	1	FALSE	FALSE	FALSE	FALSE	FALSE	FALSE	FALSE	FALSE	FALSE	FALSE	FALSE	FALSE	FALSE	FALSE	FALSE	FALSE	FALSE	FALSE	FALSE	FALSE	0		1	FALSE	FALSE		Not Set			1
1852	Beverage	Other Spirits / Liquers	De Kyuper Peach Schnapps		Master Price Band	Standard	GST	30ml		12.50																				-1																																								
1853	Beverage	Other Spirits / Liquers	Drambuie		Master Price Band	Standard	GST	15ml	0	9.50					0		0	FALSE	FALSE	TRUE	FALSE	FALSE	FALSE	FALSE	FALSE	FALSE	FALSE			-1	TRUE	FALSE	0	0	FALSE	FALSE	0	0	TRUE	1	FALSE	FALSE	FALSE	FALSE	FALSE	FALSE	FALSE	FALSE	FALSE	FALSE	FALSE	FALSE	FALSE	FALSE	FALSE	FALSE	FALSE	FALSE	FALSE	FALSE	0		1	FALSE	FALSE		Not Set			1
1853	Beverage	Other Spirits / Liquers	Drambuie		Master Price Band	Standard	GST	30ml		12.50																				-1																																								
1854	Beverage	Other Spirits / Liquers	Fireball Cinnamon Whisky		Master Price Band	Standard	GST	15ml	0	9.50					0		0	FALSE	FALSE	TRUE	FALSE	FALSE	FALSE	FALSE	FALSE	FALSE	FALSE			-1	TRUE	FALSE	0	0	FALSE	FALSE	0	0	TRUE	1	FALSE	FALSE	FALSE	FALSE	FALSE	FALSE	FALSE	FALSE	FALSE	FALSE	FALSE	FALSE	FALSE	FALSE	FALSE	FALSE	FALSE	FALSE	FALSE	FALSE	0		1	FALSE	FALSE		Not Set			1
1854	Beverage	Other Spirits / Liquers	Fireball Cinnamon Whisky		Master Price Band	Standard	GST	30ml		12.50																				-1																																								
1855	Beverage	Other Spirits / Liquers	Frangelico Hazelunt		Master Price Band	Standard	GST	15ml	0	9.50					0		0	FALSE	FALSE	TRUE	FALSE	FALSE	FALSE	FALSE	FALSE	FALSE	FALSE			-1	TRUE	FALSE	0	0	FALSE	FALSE	0	0	TRUE	1	FALSE	FALSE	FALSE	FALSE	FALSE	FALSE	FALSE	FALSE	FALSE	FALSE	FALSE	FALSE	FALSE	FALSE	FALSE	FALSE	FALSE	FALSE	FALSE	FALSE	0		1	FALSE	FALSE		Not Set			1
1855	Beverage	Other Spirits / Liquers	Frangelico Hazelunt		Master Price Band	Standard	GST	30ml		12.50																				-1																																								
1856	Beverage	Other Spirits / Liquers	Galliano Black Sambucca		Master Price Band	Standard	GST	15ml	0	9.50					0		0	FALSE	FALSE	TRUE	FALSE	FALSE	FALSE	FALSE	FALSE	FALSE	FALSE			-1	TRUE	FALSE	0	0	FALSE	FALSE	0	0	TRUE	1	FALSE	FALSE	FALSE	FALSE	FALSE	FALSE	FALSE	FALSE	FALSE	FALSE	FALSE	FALSE	FALSE	FALSE	FALSE	FALSE	FALSE	FALSE	FALSE	FALSE	0		1	FALSE	FALSE		Not Set			1
1856	Beverage	Other Spirits / Liquers	Galliano Black Sambucca		Master Price Band	Standard	GST	30ml		12.50																				-1																																								
1857	Beverage	Other Spirits / Liquers	Galliano Vanilla		Master Price Band	Standard	GST	15ml	0	9.50					0		0	FALSE	FALSE	TRUE	FALSE	FALSE	FALSE	FALSE	FALSE	FALSE	FALSE			-1	TRUE	FALSE	0	0	FALSE	FALSE	0	0	TRUE	1	FALSE	FALSE	FALSE	FALSE	FALSE	FALSE	FALSE	FALSE	FALSE	FALSE	FALSE	FALSE	FALSE	FALSE	FALSE	FALSE	FALSE	FALSE	FALSE	FALSE	0		1	FALSE	FALSE		Not Set			1
1857	Beverage	Other Spirits / Liquers	Galliano Vanilla		Master Price Band	Standard	GST	30ml		12.50																				-1																																								
1858	Beverage	Other Spirits / Liquers	Galliano White Sambucca		Master Price Band	Standard	GST	15ml	0	9.50					0		0	FALSE	FALSE	TRUE	FALSE	FALSE	FALSE	FALSE	FALSE	FALSE	FALSE			-1	TRUE	FALSE	0	0	FALSE	FALSE	0	0	TRUE	1	FALSE	FALSE	FALSE	FALSE	FALSE	FALSE	FALSE	FALSE	FALSE	FALSE	FALSE	FALSE	FALSE	FALSE	FALSE	FALSE	FALSE	FALSE	FALSE	FALSE	0		1	FALSE	FALSE		Not Set			1
1858	Beverage	Other Spirits / Liquers	Galliano White Sambucca		Master Price Band	Standard	GST	30ml		12.50																				-1																																								
1859	Beverage	Other Spirits / Liquers	Glayva Scotch		Master Price Band	Standard	GST	15ml	0	11.50					0		0	FALSE	FALSE	TRUE	FALSE	FALSE	FALSE	FALSE	FALSE	FALSE	FALSE			-1	TRUE	FALSE	0	0	FALSE	FALSE	0	0	TRUE	1	FALSE	FALSE	FALSE	FALSE	FALSE	FALSE	FALSE	FALSE	FALSE	FALSE	FALSE	FALSE	FALSE	FALSE	FALSE	FALSE	FALSE	FALSE	FALSE	FALSE	0		1	FALSE	FALSE		Not Set			1
1859	Beverage	Other Spirits / Liquers	Glayva Scotch		Master Price Band	Standard	GST	30ml		14.50																				-1																																								
1860	Beverage	Other Spirits / Liquers	Jagermeister		Master Price Band	Standard	GST	15ml	0	9.50					0		0	FALSE	FALSE	TRUE	FALSE	FALSE	FALSE	FALSE	FALSE	FALSE	FALSE			-1	TRUE	FALSE	0	0	FALSE	FALSE	0	0	TRUE	1	FALSE	FALSE	FALSE	FALSE	FALSE	FALSE	FALSE	FALSE	FALSE	FALSE	FALSE	FALSE	FALSE	FALSE	FALSE	FALSE	FALSE	FALSE	FALSE	FALSE	0		1	FALSE	FALSE		Not Set			1
1860	Beverage	Other Spirits / Liquers	Jagermeister		Master Price Band	Standard	GST	30ml		12.50																				-1																																								
1861	Beverage	Other Spirits / Liquers	Kahlua		Master Price Band	Standard	GST	15ml	0	9.50					0		0	FALSE	FALSE	TRUE	FALSE	FALSE	FALSE	FALSE	FALSE	FALSE	FALSE			-1	TRUE	FALSE	0	0	FALSE	FALSE	0	0	TRUE	1	FALSE	FALSE	FALSE	FALSE	FALSE	FALSE	FALSE	FALSE	FALSE	FALSE	FALSE	FALSE	FALSE	FALSE	FALSE	FALSE	FALSE	FALSE	FALSE	FALSE	0		1	FALSE	FALSE		Not Set			1
1861	Beverage	Other Spirits / Liquers	Kahlua		Master Price Band	Standard	GST	30ml		12.00																				-1																																								
1862	Beverage	Other Spirits / Liquers	Malibu		Master Price Band	Standard	GST	15ml	0	9.50					0		0	FALSE	FALSE	TRUE	FALSE	FALSE	FALSE	FALSE	FALSE	FALSE	FALSE			-1	TRUE	FALSE	0	0	FALSE	FALSE	0	0	TRUE	1	FALSE	FALSE	FALSE	FALSE	FALSE	FALSE	FALSE	FALSE	FALSE	FALSE	FALSE	FALSE	FALSE	FALSE	FALSE	FALSE	FALSE	FALSE	FALSE	FALSE	0		1	FALSE	FALSE		Not Set			1
1862	Beverage	Other Spirits / Liquers	Malibu		Master Price Band	Standard	GST	30ml		12.00																				-1																																								
1863	Beverage	Other Spirits / Liquers	Midori		Master Price Band	Standard	GST	15ml	0	9.50					0		0	FALSE	FALSE	TRUE	FALSE	FALSE	FALSE	FALSE	FALSE	FALSE	FALSE			-1	TRUE	FALSE	0	0	FALSE	FALSE	0	0	TRUE	1	FALSE	FALSE	FALSE	FALSE	FALSE	FALSE	FALSE	FALSE	FALSE	FALSE	FALSE	FALSE	FALSE	FALSE	FALSE	FALSE	FALSE	FALSE	FALSE	FALSE	0		1	FALSE	FALSE		Not Set			1
1863	Beverage	Other Spirits / Liquers	Midori		Master Price Band	Standard	GST	30ml		12.50																				-1																																								
1864	Beverage	Other Spirits / Liquers	Ouzo 12		Master Price Band	Standard	GST	15ml	0	11.00					0		0	FALSE	FALSE	TRUE	FALSE	FALSE	FALSE	FALSE	FALSE	FALSE	FALSE			-1	TRUE	FALSE	0	0	FALSE	FALSE	0	0	TRUE	1	FALSE	FALSE	FALSE	FALSE	FALSE	FALSE	FALSE	FALSE	FALSE	FALSE	FALSE	FALSE	FALSE	FALSE	FALSE	FALSE	FALSE	FALSE	FALSE	FALSE	0		1	FALSE	FALSE		Not Set			1
1864	Beverage	Other Spirits / Liquers	Ouzo 12		Master Price Band	Standard	GST	30ml		13.50																				-1																																								
2283	Beverage	Other Spirits / Liquers	Shankey's Whip		Master Price Band	Standard	GST	15ml	0	9.50					0		0	FALSE	FALSE	TRUE	FALSE	FALSE	FALSE	FALSE	FALSE	FALSE	FALSE			-1	TRUE	FALSE	0	0	FALSE	FALSE	0	0	TRUE	1	FALSE	FALSE	FALSE	FALSE	FALSE	FALSE	FALSE	FALSE	FALSE	FALSE	FALSE	FALSE	FALSE	FALSE	FALSE	FALSE	FALSE	FALSE	FALSE	FALSE	0		1	FALSE	FALSE		Not Set			1
2283	Beverage	Other Spirits / Liquers	Shankey's Whip		Master Price Band	Standard	GST	30ml		12.50																				-1																																								
1865	Beverage	Other Spirits / Liquers	St Germain Elderflower		Master Price Band	Standard	GST	15ml	0	11.00					0		0	FALSE	FALSE	TRUE	FALSE	FALSE	FALSE	FALSE	FALSE	FALSE	FALSE			-1	TRUE	FALSE	0	0	FALSE	FALSE	0	0	TRUE	1	FALSE	FALSE	FALSE	FALSE	FALSE	FALSE	FALSE	FALSE	FALSE	FALSE	FALSE	FALSE	FALSE	FALSE	FALSE	FALSE	FALSE	FALSE	FALSE	FALSE	0		1	FALSE	FALSE		Not Set			1
1865	Beverage	Other Spirits / Liquers	St Germain Elderflower		Master Price Band	Standard	GST	30ml		13.50																				-1																																								
1866	Beverage	Other Spirits / Liquers	Stones Green Ginger Wine		Master Price Band	Standard	GST	15ml	0	11.00					0		0	FALSE	FALSE	TRUE	FALSE	FALSE	FALSE	FALSE	FALSE	FALSE	FALSE			-1	TRUE	FALSE	0	0	FALSE	FALSE	0	0	TRUE	1	FALSE	FALSE	FALSE	FALSE	FALSE	FALSE	FALSE	FALSE	FALSE	FALSE	FALSE	FALSE	FALSE	FALSE	FALSE	FALSE	FALSE	FALSE	FALSE	FALSE	0		1	FALSE	FALSE		Not Set			1
1866	Beverage	Other Spirits / Liquers	Stones Green Ginger Wine		Master Price Band	Standard	GST	30ml		13.50																				-1																																								
1867	Beverage	Other Spirits / Liquers	Tia Maria		Master Price Band	Standard	GST	15ml	0	11.50					0		0	FALSE	FALSE	TRUE	FALSE	FALSE	FALSE	FALSE	FALSE	FALSE	FALSE			-1	TRUE	FALSE	0	0	FALSE	FALSE	0	0	TRUE	1	FALSE	FALSE	FALSE	FALSE	FALSE	FALSE	FALSE	FALSE	FALSE	FALSE	FALSE	FALSE	FALSE	FALSE	FALSE	FALSE	FALSE	FALSE	FALSE	FALSE	0		1	FALSE	FALSE		Not Set			1
1867	Beverage	Other Spirits / Liquers	Tia Maria		Master Price Band	Standard	GST	30ml		14.50																				-1																																								
1868	Beverage	Other Spirits / Liquers	Wild Turkey American Honey		Master Price Band	Standard	GST	15ml	0	10.50					0		0	FALSE	FALSE	TRUE	FALSE	FALSE	FALSE	FALSE	FALSE	FALSE	FALSE			-1	TRUE	FALSE	0	0	FALSE	FALSE	0	0	TRUE	1	FALSE	FALSE	FALSE	FALSE	FALSE	FALSE	FALSE	FALSE	FALSE	FALSE	FALSE	FALSE	FALSE	FALSE	FALSE	FALSE	FALSE	FALSE	FALSE	FALSE	0		1	FALSE	FALSE		Not Set			1
1868	Beverage	Other Spirits / Liquers	Wild Turkey American Honey		Master Price Band	Standard	GST	30ml		13.00																				-1																																								
2031	Beverage	Red Wine	Cabernet Sauvignon		Master Price Band	Standard	GST	Bottle	0	52.00					0		0	FALSE	FALSE	TRUE	FALSE	FALSE	FALSE	FALSE	FALSE	FALSE	FALSE			-1	TRUE	FALSE	0	0	FALSE	FALSE	0	0	TRUE	1	FALSE	FALSE	FALSE	FALSE	FALSE	FALSE	FALSE	FALSE	FALSE	FALSE	FALSE	FALSE	FALSE	FALSE	FALSE	FALSE	FALSE	FALSE	FALSE	FALSE	0		1	FALSE	FALSE		Not Set			1
2031	Beverage	Red Wine	Cabernet Sauvignon		Master Price Band	Standard	GST	Large		18.50																				-1																																								
2031	Beverage	Red Wine	Cabernet Sauvignon		Master Price Band	Standard	GST	Small		12.50																				-1																																								
1643	Beverage	Red Wine	Elefante 'El Valiente Tempranillo		Master Price Band	Standard	GST	Bottle	0	60.00					0		0	FALSE	FALSE	TRUE	FALSE	FALSE	FALSE	FALSE	FALSE	FALSE	FALSE			-1	TRUE	FALSE	0	0	FALSE	FALSE	0	0	TRUE	1	FALSE	FALSE	FALSE	FALSE	FALSE	FALSE	FALSE	FALSE	FALSE	FALSE	FALSE	FALSE	FALSE	FALSE	FALSE	FALSE	FALSE	FALSE	FALSE	FALSE	0		1	FALSE	FALSE		Not Set			1
1643	Beverage	Red Wine	Elefante 'El Valiente Tempranillo		Master Price Band	Standard	GST	Large		20.00																				-1																																								
1643	Beverage	Red Wine	Elefante 'El Valiente Tempranillo		Master Price Band	Standard	GST	Small		12.50																				-1																																								
2029	Beverage	Red Wine	House Red Merlot Kopiko Bay		Master Price Band	Standard	GST	Bottle	0	38.00					0		0	FALSE	FALSE	TRUE	FALSE	FALSE	FALSE	FALSE	FALSE	FALSE	FALSE			-1	TRUE	FALSE	0	0	FALSE	FALSE	0	0	TRUE	1	FALSE	FALSE	FALSE	FALSE	FALSE	FALSE	FALSE	FALSE	FALSE	FALSE	FALSE	FALSE	FALSE	FALSE	FALSE	FALSE	FALSE	FALSE	FALSE	FALSE	0		1	FALSE	FALSE		Not Set			1
2029	Beverage	Red Wine	House Red Merlot Kopiko Bay		Master Price Band	Standard	GST	Large		13.50																				-1																																								
2029	Beverage	Red Wine	House Red Merlot Kopiko Bay		Master Price Band	Standard	GST	Small		10.00																				-1																																								
2026	Beverage	Red Wine	Huntaway Reserve Pinot Noir		Master Price Band	Standard	GST	Bottle	0	54.00					0		0	FALSE	FALSE	TRUE	FALSE	FALSE	FALSE	FALSE	FALSE	FALSE	FALSE			-1	TRUE	FALSE	0	0	FALSE	FALSE	0	0	TRUE	1	FALSE	FALSE	FALSE	FALSE	FALSE	FALSE	FALSE	FALSE	FALSE	FALSE	FALSE	FALSE	FALSE	FALSE	FALSE	FALSE	FALSE	FALSE	FALSE	FALSE	0		1	FALSE	FALSE		Not Set			1
2026	Beverage	Red Wine	Huntaway Reserve Pinot Noir		Master Price Band	Standard	GST	Large		18.50																				-1																																								
2026	Beverage	Red Wine	Huntaway Reserve Pinot Noir		Master Price Band	Standard	GST	Small		13.00																				-1																																								
1642	Beverage	Red Wine	Kopiko Bay Merlot		Master Price Band	Standard	GST	Bottle	0	65.00					0		0	FALSE	FALSE	TRUE	FALSE	FALSE	FALSE	FALSE	FALSE	FALSE	FALSE			-1	TRUE	FALSE	0	0	FALSE	FALSE	0	0	TRUE	1	FALSE	FALSE	FALSE	FALSE	FALSE	FALSE	FALSE	FALSE	FALSE	FALSE	FALSE	FALSE	FALSE	FALSE	FALSE	FALSE	FALSE	FALSE	FALSE	FALSE	0		1	FALSE	FALSE		Not Set			1
1642	Beverage	Red Wine	Kopiko Bay Merlot		Master Price Band	Standard	GST	Large		21.50																				-1																																								
1642	Beverage	Red Wine	Kopiko Bay Merlot		Master Price Band	Standard	GST	Small		13.50																				-1																																								
1644	Beverage	Red Wine	Little Giant Shiraz		Master Price Band	Standard	GST	Bottle	0	70.00					0		0	FALSE	FALSE	TRUE	FALSE	FALSE	FALSE	FALSE	FALSE	FALSE	FALSE			-1	TRUE	FALSE	0	0	FALSE	FALSE	0	0	TRUE	1	FALSE	FALSE	FALSE	FALSE	FALSE	FALSE	FALSE	FALSE	FALSE	FALSE	FALSE	FALSE	FALSE	FALSE	FALSE	FALSE	FALSE	FALSE	FALSE	FALSE	0		1	FALSE	FALSE		Not Set			1
1644	Beverage	Red Wine	Little Giant Shiraz		Master Price Band	Standard	GST	Large		24.00																				-1																																								
1644	Beverage	Red Wine	Little Giant Shiraz		Master Price Band	Standard	GST	Small		14.50																				-1																																								
2030	Beverage	Red Wine	Merlot		Master Price Band	Standard	GST	Bottle	0	50.00					0		0	FALSE	FALSE	TRUE	FALSE	FALSE	FALSE	FALSE	FALSE	FALSE	FALSE			-1	TRUE	FALSE	0	0	FALSE	FALSE	0	0	TRUE	1	FALSE	FALSE	FALSE	FALSE	FALSE	FALSE	FALSE	FALSE	FALSE	FALSE	FALSE	FALSE	FALSE	FALSE	FALSE	FALSE	FALSE	FALSE	FALSE	FALSE	0		1	FALSE	FALSE		Not Set			1
2030	Beverage	Red Wine	Merlot		Master Price Band	Standard	GST	Large		17.00																				-1																																								
2030	Beverage	Red Wine	Merlot		Master Price Band	Standard	GST	Small		12.00																				-1																																								
2028	Beverage	Red Wine	Mt Difficulty Estate Bannockburn		Master Price Band	Standard	GST	Bottle	0	88.00					0		0	FALSE	FALSE	TRUE	FALSE	FALSE	FALSE	FALSE	FALSE	FALSE	FALSE			-1	TRUE	FALSE	0	0	FALSE	FALSE	0	0	TRUE	1	FALSE	FALSE	FALSE	FALSE	FALSE	FALSE	FALSE	FALSE	FALSE	FALSE	FALSE	FALSE	FALSE	FALSE	FALSE	FALSE	FALSE	FALSE	FALSE	FALSE	0		1	FALSE	FALSE		Not Set			1
1640	Beverage	Red Wine	Rebel Pinot Noir		Master Price Band	Standard	GST	Bottle	0	49.00					0		0	FALSE	FALSE	TRUE	FALSE	FALSE	FALSE	FALSE	FALSE	FALSE	FALSE			-1	TRUE	FALSE	0	0	FALSE	FALSE	0	0	TRUE	1	FALSE	FALSE	FALSE	FALSE	FALSE	FALSE	FALSE	FALSE	FALSE	FALSE	FALSE	FALSE	FALSE	FALSE	FALSE	FALSE	FALSE	FALSE	FALSE	FALSE	0		1	FALSE	FALSE		Not Set			1
1640	Beverage	Red Wine	Rebel Pinot Noir		Master Price Band	Standard	GST	Large		16.50																				-1																																								
1640	Beverage	Red Wine	Rebel Pinot Noir		Master Price Band	Standard	GST	Small		11.50																				-1																																								
2027	Beverage	Red Wine	Roaring Meg Pinot Noir		Master Price Band	Standard	GST	Bottle	0	64.00					0		0	FALSE	FALSE	TRUE	FALSE	FALSE	FALSE	FALSE	FALSE	FALSE	FALSE			-1	TRUE	FALSE	0	0	FALSE	FALSE	0	0	TRUE	1	FALSE	FALSE	FALSE	FALSE	FALSE	FALSE	FALSE	FALSE	FALSE	FALSE	FALSE	FALSE	FALSE	FALSE	FALSE	FALSE	FALSE	FALSE	FALSE	FALSE	0		1	FALSE	FALSE		Not Set			1
2027	Beverage	Red Wine	Roaring Meg Pinot Noir		Master Price Band	Standard	GST	Large		21.50																				-1																																								
2027	Beverage	Red Wine	Roaring Meg Pinot Noir		Master Price Band	Standard	GST	Small		14.50																				-1																																								
1641	Beverage	Red Wine	Rose & Rose Pinot Noir		Master Price Band	Standard	GST	Bottle	0	65.00					0		0	FALSE	FALSE	TRUE	FALSE	FALSE	FALSE	FALSE	FALSE	FALSE	FALSE			-1	TRUE	FALSE	0	0	FALSE	FALSE	0	0	TRUE	1	FALSE	FALSE	FALSE	FALSE	FALSE	FALSE	FALSE	FALSE	FALSE	FALSE	FALSE	FALSE	FALSE	FALSE	FALSE	FALSE	FALSE	FALSE	FALSE	FALSE	0		1	FALSE	FALSE		Not Set			1
1641	Beverage	Red Wine	Rose & Rose Pinot Noir		Master Price Band	Standard	GST	Large		21.50																				-1																																								
1641	Beverage	Red Wine	Rose & Rose Pinot Noir		Master Price Band	Standard	GST	Small		13.50																				-1																																								
2032	Beverage	Red Wine	Shiraz		Master Price Band	Standard	GST	Bottle	0	54.00					0		0	FALSE	FALSE	TRUE	FALSE	FALSE	FALSE	FALSE	FALSE	FALSE	FALSE			-1	TRUE	FALSE	0	0	FALSE	FALSE	0	0	TRUE	1	FALSE	FALSE	FALSE	FALSE	FALSE	FALSE	FALSE	FALSE	FALSE	FALSE	FALSE	FALSE	FALSE	FALSE	FALSE	FALSE	FALSE	FALSE	FALSE	FALSE	0		1	FALSE	FALSE		Not Set			1
2032	Beverage	Red Wine	Shiraz		Master Price Band	Standard	GST	Large		18.50																				-1																																								
2032	Beverage	Red Wine	Shiraz		Master Price Band	Standard	GST	Small		13.00																				-1																																								
2033	Beverage	Red Wine	Taylors 10 Year Tawny Port		Master Price Band	Standard	GST	Small	0	13.00					0		0	FALSE	FALSE	TRUE	FALSE	FALSE	FALSE	FALSE	FALSE	FALSE	FALSE			-1	TRUE	FALSE	0	0	FALSE	FALSE	0	0	TRUE	1	FALSE	FALSE	FALSE	FALSE	FALSE	FALSE	FALSE	FALSE	FALSE	FALSE	FALSE	FALSE	FALSE	FALSE	FALSE	FALSE	FALSE	FALSE	FALSE	FALSE	0		1	FALSE	FALSE		Not Set			1
1908	Beverage	RTD	Canadian Club & Coke RTD		Master Price Band	Standard	GST	Each	0	12.50					0		0	FALSE	FALSE	TRUE	FALSE	FALSE	FALSE	FALSE	FALSE	FALSE	FALSE			-1	TRUE	FALSE	0	0	FALSE	FALSE	0	0	TRUE	1	FALSE	FALSE	FALSE	FALSE	FALSE	FALSE	FALSE	FALSE	FALSE	FALSE	FALSE	FALSE	FALSE	FALSE	FALSE	FALSE	FALSE	FALSE	FALSE	FALSE	0		1	FALSE	FALSE		Not Set			1
1906	Beverage	RTD	Coruba & Coke RTD		Master Price Band	Standard	GST	Each	0	11.50					0		0	FALSE	FALSE	TRUE	FALSE	FALSE	FALSE	FALSE	FALSE	FALSE	FALSE			-1	TRUE	FALSE	0	0	FALSE	FALSE	0	0	TRUE	1	FALSE	FALSE	FALSE	FALSE	FALSE	FALSE	FALSE	FALSE	FALSE	FALSE	FALSE	FALSE	FALSE	FALSE	FALSE	FALSE	FALSE	FALSE	FALSE	FALSE	0		1	FALSE	FALSE		Not Set			1
1904	Beverage	RTD	Gordons Gin & Tonic RTD		Master Price Band	Standard	GST	Each	0	11.50					0		0	FALSE	FALSE	TRUE	FALSE	FALSE	FALSE	FALSE	FALSE	FALSE	FALSE			-1	TRUE	FALSE	0	0	FALSE	FALSE	0	0	TRUE	1	FALSE	FALSE	FALSE	FALSE	FALSE	FALSE	FALSE	FALSE	FALSE	FALSE	FALSE	FALSE	FALSE	FALSE	FALSE	FALSE	FALSE	FALSE	FALSE	FALSE	0		1	FALSE	FALSE		Not Set			1
1903	Beverage	RTD	Gordons Pink Gin RTD		Master Price Band	Standard	GST	Each	0	11.50					0		0	FALSE	FALSE	TRUE	FALSE	FALSE	FALSE	FALSE	FALSE	FALSE	FALSE			-1	TRUE	FALSE	0	0	FALSE	FALSE	0	0	TRUE	1	FALSE	FALSE	FALSE	FALSE	FALSE	FALSE	FALSE	FALSE	FALSE	FALSE	FALSE	FALSE	FALSE	FALSE	FALSE	FALSE	FALSE	FALSE	FALSE	FALSE	0		1	FALSE	FALSE		Not Set			1
1905	Beverage	RTD	Jack Daniels & Coke RTD		Master Price Band	Standard	GST	Each	0	12.50					0		0	FALSE	FALSE	TRUE	FALSE	FALSE	FALSE	FALSE	FALSE	FALSE	FALSE			-1	TRUE	FALSE	0	0	FALSE	FALSE	0	0	TRUE	1	FALSE	FALSE	FALSE	FALSE	FALSE	FALSE	FALSE	FALSE	FALSE	FALSE	FALSE	FALSE	FALSE	FALSE	FALSE	FALSE	FALSE	FALSE	FALSE	FALSE	0		1	FALSE	FALSE		Not Set			1
1901	Beverage	RTD	Jim Beam & Coke RTD		Master Price Band	Standard	GST	Each	0	12.50					0		0	FALSE	FALSE	TRUE	FALSE	FALSE	FALSE	FALSE	FALSE	FALSE	FALSE			-1	TRUE	FALSE	0	0	FALSE	FALSE	0	0	TRUE	1	FALSE	FALSE	FALSE	FALSE	FALSE	FALSE	FALSE	FALSE	FALSE	FALSE	FALSE	FALSE	FALSE	FALSE	FALSE	FALSE	FALSE	FALSE	FALSE	FALSE	0		1	FALSE	FALSE		Not Set			1
1902	Beverage	RTD	Kirin Hyoketsyu RTD		Master Price Band	Standard	GST	Each	0	11.00					0		0	FALSE	FALSE	TRUE	FALSE	FALSE	FALSE	FALSE	FALSE	FALSE	FALSE			-1	TRUE	FALSE	0	0	FALSE	FALSE	0	0	TRUE	1	FALSE	FALSE	FALSE	FALSE	FALSE	FALSE	FALSE	FALSE	FALSE	FALSE	FALSE	FALSE	FALSE	FALSE	FALSE	FALSE	FALSE	FALSE	FALSE	FALSE	0		1	FALSE	FALSE		Not Set			1
1907	Beverage	RTD	Smirnoff RTD		Master Price Band	Standard	GST	Each	0	11.50					0		0	FALSE	FALSE	TRUE	FALSE	FALSE	FALSE	FALSE	FALSE	FALSE	FALSE			-1	TRUE	FALSE	0	0	FALSE	FALSE	0	0	TRUE	1	FALSE	FALSE	FALSE	FALSE	FALSE	FALSE	FALSE	FALSE	FALSE	FALSE	FALSE	FALSE	FALSE	FALSE	FALSE	FALSE	FALSE	FALSE	FALSE	FALSE	0		1	FALSE	FALSE		Not Set			1
1869	Beverage	Rum	Appleton Estate Signature Blend		Master Price Band	Standard	GST	15ml	0	9.50					0		0	FALSE	FALSE	TRUE	FALSE	FALSE	FALSE	FALSE	FALSE	FALSE	FALSE			-1	TRUE	FALSE	0	0	FALSE	FALSE	0	0	TRUE	1	FALSE	FALSE	FALSE	FALSE	FALSE	FALSE	FALSE	FALSE	FALSE	FALSE	FALSE	FALSE	FALSE	FALSE	FALSE	FALSE	FALSE	FALSE	FALSE	FALSE	0		1	FALSE	FALSE		Not Set			1
1869	Beverage	Rum	Appleton Estate Signature Blend		Master Price Band	Standard	GST	30ml		12.50																				-1																																								
1870	Beverage	Rum	Bacardi Carta Blanca		Master Price Band	Standard	GST	15ml	0	8.50					0		0	FALSE	FALSE	TRUE	FALSE	FALSE	FALSE	FALSE	FALSE	FALSE	FALSE			-1	TRUE	FALSE	0	0	FALSE	FALSE	0	0	TRUE	1	FALSE	FALSE	FALSE	FALSE	FALSE	FALSE	FALSE	FALSE	FALSE	FALSE	FALSE	FALSE	FALSE	FALSE	FALSE	FALSE	FALSE	FALSE	FALSE	FALSE	0		1	FALSE	FALSE		Not Set			1
1870	Beverage	Rum	Bacardi Carta Blanca		Master Price Band	Standard	GST	30ml		11.00																				-1																																								
1871	Beverage	Rum	Bacardi Carta Oro		Master Price Band	Standard	GST	15ml	0	11.00					0		0	FALSE	FALSE	TRUE	FALSE	FALSE	FALSE	FALSE	FALSE	FALSE	FALSE			-1	TRUE	FALSE	0	0	FALSE	FALSE	0	0	TRUE	1	FALSE	FALSE	FALSE	FALSE	FALSE	FALSE	FALSE	FALSE	FALSE	FALSE	FALSE	FALSE	FALSE	FALSE	FALSE	FALSE	FALSE	FALSE	FALSE	FALSE	0		1	FALSE	FALSE		Not Set			1
1871	Beverage	Rum	Bacardi Carta Oro		Master Price Band	Standard	GST	30ml		13.50																				-1																																								
1872	Beverage	Rum	Bacardi Ocho 8yo		Master Price Band	Standard	GST	15ml	0	11.00					0		0	FALSE	FALSE	TRUE	FALSE	FALSE	FALSE	FALSE	FALSE	FALSE	FALSE			-1	TRUE	FALSE	0	0	FALSE	FALSE	0	0	TRUE	1	FALSE	FALSE	FALSE	FALSE	FALSE	FALSE	FALSE	FALSE	FALSE	FALSE	FALSE	FALSE	FALSE	FALSE	FALSE	FALSE	FALSE	FALSE	FALSE	FALSE	0		1	FALSE	FALSE		Not Set			1
1872	Beverage	Rum	Bacardi Ocho 8yo		Master Price Band	Standard	GST	30ml		13.50																				-1																																								
1873	Beverage	Rum	Bacardi Spiced		Master Price Band	Standard	GST	15ml	0	11.00					0		0	FALSE	FALSE	TRUE	FALSE	FALSE	FALSE	FALSE	FALSE	FALSE	FALSE			-1	TRUE	FALSE	0	0	FALSE	FALSE	0	0	TRUE	1	FALSE	FALSE	FALSE	FALSE	FALSE	FALSE	FALSE	FALSE	FALSE	FALSE	FALSE	FALSE	FALSE	FALSE	FALSE	FALSE	FALSE	FALSE	FALSE	FALSE	0		1	FALSE	FALSE		Not Set			1
1873	Beverage	Rum	Bacardi Spiced		Master Price Band	Standard	GST	30ml		13.50																				-1																																								
1874	Beverage	Rum	Coruba		Master Price Band	Standard	GST	15ml	0	9.00					0		0	FALSE	FALSE	TRUE	FALSE	FALSE	FALSE	FALSE	FALSE	FALSE	FALSE			-1	TRUE	FALSE	0	0	FALSE	FALSE	0	0	TRUE	1	FALSE	FALSE	FALSE	FALSE	FALSE	FALSE	FALSE	FALSE	FALSE	FALSE	FALSE	FALSE	FALSE	FALSE	FALSE	FALSE	FALSE	FALSE	FALSE	FALSE	0		1	FALSE	FALSE		Not Set			1
1874	Beverage	Rum	Coruba		Master Price Band	Standard	GST	30ml		11.00																				-1																																								
1875	Beverage	Rum	Helmsman White Rum		Master Price Band	Standard	GST	15ml	0	11.50					0		0	FALSE	FALSE	TRUE	FALSE	FALSE	FALSE	FALSE	FALSE	FALSE	FALSE			-1	TRUE	FALSE	0	0	FALSE	FALSE	0	0	TRUE	1	FALSE	FALSE	FALSE	FALSE	FALSE	FALSE	FALSE	FALSE	FALSE	FALSE	FALSE	FALSE	FALSE	FALSE	FALSE	FALSE	FALSE	FALSE	FALSE	FALSE	0		1	FALSE	FALSE		Not Set			1
1875	Beverage	Rum	Helmsman White Rum		Master Price Band	Standard	GST	30ml		14.50																				-1																																								
1876	Beverage	Rum	Sailor Jerry Spiced Rum		Master Price Band	Standard	GST	15ml	0	11.50					0		0	FALSE	FALSE	TRUE	FALSE	FALSE	FALSE	FALSE	FALSE	FALSE	FALSE			-1	TRUE	FALSE	0	0	FALSE	FALSE	0	0	TRUE	1	FALSE	FALSE	FALSE	FALSE	FALSE	FALSE	FALSE	FALSE	FALSE	FALSE	FALSE	FALSE	FALSE	FALSE	FALSE	FALSE	FALSE	FALSE	FALSE	FALSE	0		1	FALSE	FALSE		Not Set			1
1876	Beverage	Rum	Sailor Jerry Spiced Rum		Master Price Band	Standard	GST	30ml		14.50																				-1																																								
1877	Beverage	Rum	The Kraken Spiced Rum		Master Price Band	Standard	GST	15ml	0	9.50					0		0	FALSE	FALSE	TRUE	FALSE	FALSE	FALSE	FALSE	FALSE	FALSE	FALSE			-1	TRUE	FALSE	0	0	FALSE	FALSE	0	0	TRUE	1	FALSE	FALSE	FALSE	FALSE	FALSE	FALSE	FALSE	FALSE	FALSE	FALSE	FALSE	FALSE	FALSE	FALSE	FALSE	FALSE	FALSE	FALSE	FALSE	FALSE	0		1	FALSE	FALSE		Not Set			1
1877	Beverage	Rum	The Kraken Spiced Rum		Master Price Band	Standard	GST	30ml		12.50																				-1																																								
1878	Beverage	Scotch	Famous Grouse Scotch Whiskey		Master Price Band	Standard	GST	15ml	0	9.50					0		0	FALSE	FALSE	TRUE	FALSE	FALSE	FALSE	FALSE	FALSE	FALSE	FALSE			-1	TRUE	FALSE	0	0	FALSE	FALSE	0	0	TRUE	1	FALSE	FALSE	FALSE	FALSE	FALSE	FALSE	FALSE	FALSE	FALSE	FALSE	FALSE	FALSE	FALSE	FALSE	FALSE	FALSE	FALSE	FALSE	FALSE	FALSE	0		1	FALSE	FALSE		Not Set			1
1878	Beverage	Scotch	Famous Grouse Scotch Whiskey		Master Price Band	Standard	GST	30ml		12.50																				-1																																								
1879	Beverage	Scotch	Glenfiddich 12yo Single Malt		Master Price Band	Standard	GST	15ml	0	10.00					0		0	FALSE	FALSE	TRUE	FALSE	FALSE	FALSE	FALSE	FALSE	FALSE	FALSE			-1	TRUE	FALSE	0	0	FALSE	FALSE	0	0	TRUE	1	FALSE	FALSE	FALSE	FALSE	FALSE	FALSE	FALSE	FALSE	FALSE	FALSE	FALSE	FALSE	FALSE	FALSE	FALSE	FALSE	FALSE	FALSE	FALSE	FALSE	0		1	FALSE	FALSE		Not Set			1
1879	Beverage	Scotch	Glenfiddich 12yo Single Malt		Master Price Band	Standard	GST	30ml		13.00																				-1																																								
1880	Beverage	Scotch	Johnnie Walker Black Label		Master Price Band	Standard	GST	15ml	0	11.00					0		0	FALSE	FALSE	TRUE	FALSE	FALSE	FALSE	FALSE	FALSE	FALSE	FALSE			-1	TRUE	FALSE	0	0	FALSE	FALSE	0	0	TRUE	1	FALSE	FALSE	FALSE	FALSE	FALSE	FALSE	FALSE	FALSE	FALSE	FALSE	FALSE	FALSE	FALSE	FALSE	FALSE	FALSE	FALSE	FALSE	FALSE	FALSE	0		1	FALSE	FALSE		Not Set			1
1880	Beverage	Scotch	Johnnie Walker Black Label		Master Price Band	Standard	GST	30ml		15.00																				-1																																								
1881	Beverage	Scotch	Johnnie Walker Blue Label		Master Price Band	Standard	GST	15ml	0	17.00					0		0	FALSE	FALSE	TRUE	FALSE	FALSE	FALSE	FALSE	FALSE	FALSE	FALSE			-1	TRUE	FALSE	0	0	FALSE	FALSE	0	0	TRUE	1	FALSE	FALSE	FALSE	FALSE	FALSE	FALSE	FALSE	FALSE	FALSE	FALSE	FALSE	FALSE	FALSE	FALSE	FALSE	FALSE	FALSE	FALSE	FALSE	FALSE	0		1	FALSE	FALSE		Not Set			1
1881	Beverage	Scotch	Johnnie Walker Blue Label		Master Price Band	Standard	GST	30ml		26.00																				-1																																								
1882	Beverage	Scotch	Johnnie Walker Green Label		Master Price Band	Standard	GST	15ml	0	17.00					0		0	FALSE	FALSE	TRUE	FALSE	FALSE	FALSE	FALSE	FALSE	FALSE	FALSE			-1	TRUE	FALSE	0	0	FALSE	FALSE	0	0	TRUE	1	FALSE	FALSE	FALSE	FALSE	FALSE	FALSE	FALSE	FALSE	FALSE	FALSE	FALSE	FALSE	FALSE	FALSE	FALSE	FALSE	FALSE	FALSE	FALSE	FALSE	0		1	FALSE	FALSE		Not Set			1
1882	Beverage	Scotch	Johnnie Walker Green Label		Master Price Band	Standard	GST	30ml		26.00																				-1																																								
1883	Beverage	Scotch	Johnnie Walker Red Label		Master Price Band	Standard	GST	15ml	0	10.00					0		0	FALSE	FALSE	TRUE	FALSE	FALSE	FALSE	FALSE	FALSE	FALSE	FALSE			-1	TRUE	FALSE	0	0	FALSE	FALSE	0	0	TRUE	1	FALSE	FALSE	FALSE	FALSE	FALSE	FALSE	FALSE	FALSE	FALSE	FALSE	FALSE	FALSE	FALSE	FALSE	FALSE	FALSE	FALSE	FALSE	FALSE	FALSE	0		1	FALSE	FALSE		Not Set			1
1883	Beverage	Scotch	Johnnie Walker Red Label		Master Price Band	Standard	GST	30ml		12.00																				-1																																								
1884	Beverage	Scotch	Laphroaig 10yo		Master Price Band	Standard	GST	15ml	0	11.50					0		0	FALSE	FALSE	TRUE	FALSE	FALSE	FALSE	FALSE	FALSE	FALSE	FALSE			-1	TRUE	FALSE	0	0	FALSE	FALSE	0	0	TRUE	1	FALSE	FALSE	FALSE	FALSE	FALSE	FALSE	FALSE	FALSE	FALSE	FALSE	FALSE	FALSE	FALSE	FALSE	FALSE	FALSE	FALSE	FALSE	FALSE	FALSE	0		1	FALSE	FALSE		Not Set			1
1884	Beverage	Scotch	Laphroaig 10yo		Master Price Band	Standard	GST	30ml		15.50																				-1																																								
1885	Beverage	Scotch	Talisker 10yo		Master Price Band	Standard	GST	15ml	0	11.50					0		0	FALSE	FALSE	TRUE	FALSE	FALSE	FALSE	FALSE	FALSE	FALSE	FALSE			-1	TRUE	FALSE	0	0	FALSE	FALSE	0	0	TRUE	1	FALSE	FALSE	FALSE	FALSE	FALSE	FALSE	FALSE	FALSE	FALSE	FALSE	FALSE	FALSE	FALSE	FALSE	FALSE	FALSE	FALSE	FALSE	FALSE	FALSE	0		1	FALSE	FALSE		Not Set			1
1885	Beverage	Scotch	Talisker 10yo		Master Price Band	Standard	GST	30ml		15.50																				-1																																								
1886	Beverage	Tequila	Jose Cuervo Agavero		Master Price Band	Standard	GST	15ml	0	9.50					0		0	FALSE	FALSE	TRUE	FALSE	FALSE	FALSE	FALSE	FALSE	FALSE	FALSE			-1	TRUE	FALSE	0	0	FALSE	FALSE	0	0	TRUE	1	FALSE	FALSE	FALSE	FALSE	FALSE	FALSE	FALSE	FALSE	FALSE	FALSE	FALSE	FALSE	FALSE	FALSE	FALSE	FALSE	FALSE	FALSE	FALSE	FALSE	0		1	FALSE	FALSE		Not Set			1
1886	Beverage	Tequila	Jose Cuervo Agavero		Master Price Band	Standard	GST	30ml		12.50																				-1																																								
1887	Beverage	Tequila	Jose Cuervo Gold Especial		Master Price Band	Standard	GST	15ml	0	11.00					0		0	FALSE	FALSE	TRUE	FALSE	FALSE	FALSE	FALSE	FALSE	FALSE	FALSE			-1	TRUE	FALSE	0	0	FALSE	FALSE	0	0	TRUE	1	FALSE	FALSE	FALSE	FALSE	FALSE	FALSE	FALSE	FALSE	FALSE	FALSE	FALSE	FALSE	FALSE	FALSE	FALSE	FALSE	FALSE	FALSE	FALSE	FALSE	0		1	FALSE	FALSE		Not Set			1
1887	Beverage	Tequila	Jose Cuervo Gold Especial		Master Price Band	Standard	GST	30ml		14.50																				-1																																								
1888	Beverage	Tequila	Jose Cuervo Tradicional Reposado		Master Price Band	Standard	GST	15ml	0	11.00					0		0	FALSE	FALSE	TRUE	FALSE	FALSE	FALSE	FALSE	FALSE	FALSE	FALSE			-1	TRUE	FALSE	0	0	FALSE	FALSE	0	0	TRUE	1	FALSE	FALSE	FALSE	FALSE	FALSE	FALSE	FALSE	FALSE	FALSE	FALSE	FALSE	FALSE	FALSE	FALSE	FALSE	FALSE	FALSE	FALSE	FALSE	FALSE	0		1	FALSE	FALSE		Not Set			1
1888	Beverage	Tequila	Jose Cuervo Tradicional Reposado		Master Price Band	Standard	GST	30ml		14.50																				-1																																								
1889	Beverage	Tequila	Patron Silver		Master Price Band	Standard	GST	15ml	0	11.00					0		0	FALSE	FALSE	TRUE	FALSE	FALSE	FALSE	FALSE	FALSE	FALSE	FALSE			-1	TRUE	FALSE	0	0	FALSE	FALSE	0	0	TRUE	1	FALSE	FALSE	FALSE	FALSE	FALSE	FALSE	FALSE	FALSE	FALSE	FALSE	FALSE	FALSE	FALSE	FALSE	FALSE	FALSE	FALSE	FALSE	FALSE	FALSE	0		1	FALSE	FALSE		Not Set			1
1889	Beverage	Tequila	Patron Silver		Master Price Band	Standard	GST	30ml		14.50																				-1																																								
1890	Beverage	Vodka	Absolut Vanilla		Master Price Band	Standard	GST	15ml	0	9.50					0		0	FALSE	FALSE	TRUE	FALSE	FALSE	FALSE	FALSE	FALSE	FALSE	FALSE			-1	TRUE	FALSE	0	0	FALSE	FALSE	0	0	TRUE	1	FALSE	FALSE	FALSE	FALSE	FALSE	FALSE	FALSE	FALSE	FALSE	FALSE	FALSE	FALSE	FALSE	FALSE	FALSE	FALSE	FALSE	FALSE	FALSE	FALSE	0		1	FALSE	FALSE		Not Set			1
1890	Beverage	Vodka	Absolut Vanilla		Master Price Band	Standard	GST	30ml		13.50																				-1																																								
1891	Beverage	Vodka	Absolut Vodka		Master Price Band	Standard	GST	15ml	0	9.50					0		0	FALSE	FALSE	TRUE	FALSE	FALSE	FALSE	FALSE	FALSE	FALSE	FALSE			-1	TRUE	FALSE	0	0	FALSE	FALSE	0	0	TRUE	1	FALSE	FALSE	FALSE	FALSE	FALSE	FALSE	FALSE	FALSE	FALSE	FALSE	FALSE	FALSE	FALSE	FALSE	FALSE	FALSE	FALSE	FALSE	FALSE	FALSE	0		1	FALSE	FALSE		Not Set			1
1891	Beverage	Vodka	Absolut Vodka		Master Price Band	Standard	GST	30ml		13.50																				-1																																								
1893	Beverage	Vodka	Grey Goose		Master Price Band	Standard	GST	15ml	0	10.00					0		0	FALSE	FALSE	TRUE	FALSE	FALSE	FALSE	FALSE	FALSE	FALSE	FALSE			-1	TRUE	FALSE	0	0	FALSE	FALSE	0	0	TRUE	1	FALSE	FALSE	FALSE	FALSE	FALSE	FALSE	FALSE	FALSE	FALSE	FALSE	FALSE	FALSE	FALSE	FALSE	FALSE	FALSE	FALSE	FALSE	FALSE	FALSE	0		1	FALSE	FALSE		Not Set			1
1893	Beverage	Vodka	Grey Goose		Master Price Band	Standard	GST	30ml		13.00																				-1																																								
1894	Beverage	Vodka	Ketel One Vodka		Master Price Band	Standard	GST	15ml	0	11.00					0		0	FALSE	FALSE	TRUE	FALSE	FALSE	FALSE	FALSE	FALSE	FALSE	FALSE			-1	TRUE	FALSE	0	0	FALSE	FALSE	0	0	TRUE	1	FALSE	FALSE	FALSE	FALSE	FALSE	FALSE	FALSE	FALSE	FALSE	FALSE	FALSE	FALSE	FALSE	FALSE	FALSE	FALSE	FALSE	FALSE	FALSE	FALSE	0		1	FALSE	FALSE		Not Set			1
1894	Beverage	Vodka	Ketel One Vodka		Master Price Band	Standard	GST	30ml		13.50																				-1																																								
1895	Beverage	Vodka	Rogue Society Vodka		Master Price Band	Standard	GST	15ml	0	11.00					0		0	FALSE	FALSE	TRUE	FALSE	FALSE	FALSE	FALSE	FALSE	FALSE	FALSE			-1	TRUE	FALSE	0	0	FALSE	FALSE	0	0	TRUE	1	FALSE	FALSE	FALSE	FALSE	FALSE	FALSE	FALSE	FALSE	FALSE	FALSE	FALSE	FALSE	FALSE	FALSE	FALSE	FALSE	FALSE	FALSE	FALSE	FALSE	0		1	FALSE	FALSE		Not Set			1
1895	Beverage	Vodka	Rogue Society Vodka		Master Price Band	Standard	GST	30ml		13.50																				-1																																								
1896	Beverage	Vodka	Scapegrace Vodka		Master Price Band	Standard	GST	15ml	0	11.00					0		0	FALSE	FALSE	TRUE	FALSE	FALSE	FALSE	FALSE	FALSE	FALSE	FALSE			-1	TRUE	FALSE	0	0	FALSE	FALSE	0	0	TRUE	1	FALSE	FALSE	FALSE	FALSE	FALSE	FALSE	FALSE	FALSE	FALSE	FALSE	FALSE	FALSE	FALSE	FALSE	FALSE	FALSE	FALSE	FALSE	FALSE	FALSE	0		1	FALSE	FALSE		Not Set			1
1896	Beverage	Vodka	Scapegrace Vodka		Master Price Band	Standard	GST	30ml		13.50																				-1																																								
1897	Beverage	Vodka	Smirnoff Red		Master Price Band	Standard	GST	15ml	0	9.00					0		0	FALSE	FALSE	TRUE	FALSE	FALSE	FALSE	FALSE	FALSE	FALSE	FALSE			-1	TRUE	FALSE	0	0	FALSE	FALSE	0	0	TRUE	1	FALSE	FALSE	FALSE	FALSE	FALSE	FALSE	FALSE	FALSE	FALSE	FALSE	FALSE	FALSE	FALSE	FALSE	FALSE	FALSE	FALSE	FALSE	FALSE	FALSE	0		1	FALSE	FALSE		Not Set			1
1897	Beverage	Vodka	Smirnoff Red		Master Price Band	Standard	GST	30ml		11.00																				-1																																								
1898	Beverage	Whiskey	Bushmills 10yo Irish		Master Price Band	Standard	GST	15ml	0	11.00					0		0	FALSE	FALSE	TRUE	FALSE	FALSE	FALSE	FALSE	FALSE	FALSE	FALSE			-1	TRUE	FALSE	0	0	FALSE	FALSE	0	0	TRUE	1	FALSE	FALSE	FALSE	FALSE	FALSE	FALSE	FALSE	FALSE	FALSE	FALSE	FALSE	FALSE	FALSE	FALSE	FALSE	FALSE	FALSE	FALSE	FALSE	FALSE	0		1	FALSE	FALSE		Not Set			1
1898	Beverage	Whiskey	Bushmills 10yo Irish		Master Price Band	Standard	GST	30ml		13.50																				-1																																								
1899	Beverage	Whiskey	Canadian Club		Master Price Band	Standard	GST	15ml	0	9.50					0		0	FALSE	FALSE	TRUE	FALSE	FALSE	FALSE	FALSE	FALSE	FALSE	FALSE			-1	TRUE	FALSE	0	0	FALSE	FALSE	0	0	TRUE	1	FALSE	FALSE	FALSE	FALSE	FALSE	FALSE	FALSE	FALSE	FALSE	FALSE	FALSE	FALSE	FALSE	FALSE	FALSE	FALSE	FALSE	FALSE	FALSE	FALSE	0		1	FALSE	FALSE		Not Set			1
1899	Beverage	Whiskey	Canadian Club		Master Price Band	Standard	GST	30ml		12.00																				-1																																								
2267	Beverage	Whiskey	Crown Royal Whisky		Master Price Band	Standard	GST	15ml	0	11.00					0		0	FALSE	FALSE	TRUE	FALSE	FALSE	FALSE	FALSE	FALSE	FALSE	FALSE			-1	TRUE	FALSE	0	0	FALSE	FALSE	0	0	TRUE	1	FALSE	FALSE	FALSE	FALSE	FALSE	FALSE	FALSE	FALSE	FALSE	FALSE	FALSE	FALSE	FALSE	FALSE	FALSE	FALSE	FALSE	FALSE	FALSE	FALSE	0		1	FALSE	FALSE		Not Set			1
2267	Beverage	Whiskey	Crown Royal Whisky		Master Price Band	Standard	GST	30ml		12.00																				-1																																								
1900	Beverage	Whiskey	Jameson Irish		Master Price Band	Standard	GST	15ml	0	10.00					0		0	FALSE	FALSE	TRUE	FALSE	FALSE	FALSE	FALSE	FALSE	FALSE	FALSE			-1	TRUE	FALSE	0	0	FALSE	FALSE	0	0	TRUE	1	FALSE	FALSE	FALSE	FALSE	FALSE	FALSE	FALSE	FALSE	FALSE	FALSE	FALSE	FALSE	FALSE	FALSE	FALSE	FALSE	FALSE	FALSE	FALSE	FALSE	0		1	FALSE	FALSE		Not Set			1
1900	Beverage	Whiskey	Jameson Irish		Master Price Band	Standard	GST	30ml		12.50																				-1																																								
1629	Beverage	White Wine	Cloudy Bay Pelorus NV		Master Price Band	Standard	GST	Bottle	0	75.00					0		0	FALSE	FALSE	TRUE	FALSE	FALSE	FALSE	FALSE	FALSE	FALSE	FALSE			-1	TRUE	FALSE	0	0	FALSE	FALSE	0	0	TRUE	1	FALSE	FALSE	FALSE	FALSE	FALSE	FALSE	FALSE	FALSE	FALSE	FALSE	FALSE	FALSE	FALSE	FALSE	FALSE	FALSE	FALSE	FALSE	FALSE	FALSE	0		1	FALSE	FALSE		Not Set			1
1629	Beverage	White Wine	Cloudy Bay Pelorus NV		Master Price Band	Standard	GST	Glass		16.00																				-1																																								
2011	Beverage	White Wine	Daniel Le Brun		Master Price Band	Standard	GST	Bottle	0	72.00					0		0	FALSE	FALSE	TRUE	FALSE	FALSE	FALSE	FALSE	FALSE	FALSE	FALSE			-1	TRUE	FALSE	0	0	FALSE	FALSE	0	0	TRUE	1	FALSE	FALSE	FALSE	FALSE	FALSE	FALSE	FALSE	FALSE	FALSE	FALSE	FALSE	FALSE	FALSE	FALSE	FALSE	FALSE	FALSE	FALSE	FALSE	FALSE	0		1	FALSE	FALSE		Not Set			1
1639	Beverage	White Wine	Duck Hunter Stiletto Ranch		Master Price Band	Standard	GST	Each	0	70.00					0		0	FALSE	FALSE	TRUE	FALSE	FALSE	FALSE	FALSE	FALSE	FALSE	FALSE			-1	TRUE	FALSE	0	0	FALSE	FALSE	0	0	TRUE	1	FALSE	FALSE	FALSE	FALSE	FALSE	FALSE	FALSE	FALSE	FALSE	FALSE	FALSE	FALSE	FALSE	FALSE	FALSE	FALSE	FALSE	FALSE	FALSE	FALSE	0		1	FALSE	FALSE		Not Set			1
1637	Beverage	White Wine	Edenvale Sauvignon Blanc - Alcohol Removed		Master Price Band	Standard	GST	Bottle	0	39.00					0		0	FALSE	FALSE	TRUE	FALSE	FALSE	FALSE	FALSE	FALSE	FALSE	FALSE			-1	TRUE	FALSE	0	0	FALSE	FALSE	0	0	TRUE	1	FALSE	FALSE	FALSE	FALSE	FALSE	FALSE	FALSE	FALSE	FALSE	FALSE	FALSE	FALSE	FALSE	FALSE	FALSE	FALSE	FALSE	FALSE	FALSE	FALSE	0		1	FALSE	FALSE		Not Set			1
1637	Beverage	White Wine	Edenvale Sauvignon Blanc - Alcohol Removed		Master Price Band	Standard	GST	Large		14.00																				-1																																								
1637	Beverage	White Wine	Edenvale Sauvignon Blanc - Alcohol Removed		Master Price Band	Standard	GST	Small		8.50																				-1																																								
2016	Beverage	White Wine	House Chard Kopiko Bay		Master Price Band	Standard	GST	Bottle	0	38.00					0		0	FALSE	FALSE	TRUE	FALSE	FALSE	FALSE	FALSE	FALSE	FALSE	FALSE			-1	TRUE	FALSE	0	0	FALSE	FALSE	0	0	TRUE	1	FALSE	FALSE	FALSE	FALSE	FALSE	FALSE	FALSE	FALSE	FALSE	FALSE	FALSE	FALSE	FALSE	FALSE	FALSE	FALSE	FALSE	FALSE	FALSE	FALSE	0		1	FALSE	FALSE		Not Set			1
2016	Beverage	White Wine	House Chard Kopiko Bay		Master Price Band	Standard	GST	Large		13.50																				-1																																								
2016	Beverage	White Wine	House Chard Kopiko Bay		Master Price Band	Standard	GST	Small		10.00																				-1																																								
2036	Beverage	White Wine	House Pinot Gris Kopiko Bay		Master Price Band	Standard	GST	Bottle	0	38.00					0		0	FALSE	FALSE	TRUE	FALSE	FALSE	FALSE	FALSE	FALSE	FALSE	FALSE			-1	TRUE	FALSE	0	0	FALSE	FALSE	0	0	TRUE	1	FALSE	FALSE	FALSE	FALSE	FALSE	FALSE	FALSE	FALSE	FALSE	FALSE	FALSE	FALSE	FALSE	FALSE	FALSE	FALSE	FALSE	FALSE	FALSE	FALSE	0		1	FALSE	FALSE		Not Set			1
2036	Beverage	White Wine	House Pinot Gris Kopiko Bay		Master Price Band	Standard	GST	Large		13.50																				-1																																								
2036	Beverage	White Wine	House Pinot Gris Kopiko Bay		Master Price Band	Standard	GST	Small		10.00																				-1																																								
2012	Beverage	White Wine	House Sav Kopiko Bay		Master Price Band	Standard	GST	Bottle	0	38.00					0		0	FALSE	FALSE	TRUE	FALSE	FALSE	FALSE	FALSE	FALSE	FALSE	FALSE			-1	TRUE	FALSE	0	0	FALSE	FALSE	0	0	TRUE	1	FALSE	FALSE	FALSE	FALSE	FALSE	FALSE	FALSE	FALSE	FALSE	FALSE	FALSE	FALSE	FALSE	FALSE	FALSE	FALSE	FALSE	FALSE	FALSE	FALSE	0		1	FALSE	FALSE		Not Set			1
2012	Beverage	White Wine	House Sav Kopiko Bay		Master Price Band	Standard	GST	Large		13.50																				-1																																								
2012	Beverage	White Wine	House Sav Kopiko Bay		Master Price Band	Standard	GST	Small		10.00																				-1																																								
2018	Beverage	White Wine	Huntaway Reserve Chard		Master Price Band	Standard	GST	Bottle	0	54.00					0		0	FALSE	FALSE	TRUE	FALSE	FALSE	FALSE	FALSE	FALSE	FALSE	FALSE			-1	TRUE	FALSE	0	0	FALSE	FALSE	0	0	TRUE	1	FALSE	FALSE	FALSE	FALSE	FALSE	FALSE	FALSE	FALSE	FALSE	FALSE	FALSE	FALSE	FALSE	FALSE	FALSE	FALSE	FALSE	FALSE	FALSE	FALSE	0		1	FALSE	FALSE		Not Set			1
2018	Beverage	White Wine	Huntaway Reserve Chard		Master Price Band	Standard	GST	Large		18.50																				-1																																								
2018	Beverage	White Wine	Huntaway Reserve Chard		Master Price Band	Standard	GST	Small		13.00																				-1																																								
2008	Beverage	White Wine	Lindauer Brut Cuvee		Master Price Band	Standard	GST	Bottle	0	44.00					0		0	FALSE	FALSE	TRUE	FALSE	FALSE	FALSE	FALSE	FALSE	FALSE	FALSE			-1	TRUE	FALSE	0	0	FALSE	FALSE	0	0	TRUE	1	FALSE	FALSE	FALSE	FALSE	FALSE	FALSE	FALSE	FALSE	FALSE	FALSE	FALSE	FALSE	FALSE	FALSE	FALSE	FALSE	FALSE	FALSE	FALSE	FALSE	0		1	FALSE	FALSE		Not Set			1
2008	Beverage	White Wine	Lindauer Brut Cuvee		Master Price Band	Standard	GST	Small		12.00																				-1																																								
2006	Beverage	White Wine	Lindauer Fraise		Master Price Band	Standard	GST	Bottle	0	44.00					0		0	FALSE	FALSE	TRUE	FALSE	FALSE	FALSE	FALSE	FALSE	FALSE	FALSE			-1	TRUE	FALSE	0	0	FALSE	FALSE	0	0	TRUE	1	FALSE	FALSE	FALSE	FALSE	FALSE	FALSE	FALSE	FALSE	FALSE	FALSE	FALSE	FALSE	FALSE	FALSE	FALSE	FALSE	FALSE	FALSE	FALSE	FALSE	0		1	FALSE	FALSE		Not Set			1
2006	Beverage	White Wine	Lindauer Fraise		Master Price Band	Standard	GST	Small		12.00																				-1																																								
2009	Beverage	White Wine	Lindauer Prosecco		Master Price Band	Standard	GST	Bottle	0	58.00					0		0	FALSE	FALSE	TRUE	FALSE	FALSE	FALSE	FALSE	FALSE	FALSE	FALSE			-1	TRUE	FALSE	0	0	FALSE	FALSE	0	0	TRUE	1	FALSE	FALSE	FALSE	FALSE	FALSE	FALSE	FALSE	FALSE	FALSE	FALSE	FALSE	FALSE	FALSE	FALSE	FALSE	FALSE	FALSE	FALSE	FALSE	FALSE	0		1	FALSE	FALSE		Not Set			1
2009	Beverage	White Wine	Lindauer Prosecco		Master Price Band	Standard	GST	Small		15.00																				-1																																								
2007	Beverage	White Wine	Lindauer Sauv Blanc		Master Price Band	Standard	GST	Bottle	0	44.00					0		0	FALSE	FALSE	TRUE	FALSE	FALSE	FALSE	FALSE	FALSE	FALSE	FALSE			-1	TRUE	FALSE	0	0	FALSE	FALSE	0	0	TRUE	1	FALSE	FALSE	FALSE	FALSE	FALSE	FALSE	FALSE	FALSE	FALSE	FALSE	FALSE	FALSE	FALSE	FALSE	FALSE	FALSE	FALSE	FALSE	FALSE	FALSE	0		1	FALSE	FALSE		Not Set			1
2007	Beverage	White Wine	Lindauer Sauv Blanc		Master Price Band	Standard	GST	Small		12.00																				-1																																								
1634	Beverage	White Wine	Mandoleto Pinot Grigio		Master Price Band	Standard	GST	Bottle	0	60.00					0		0	FALSE	FALSE	TRUE	FALSE	FALSE	FALSE	FALSE	FALSE	FALSE	FALSE			-1	TRUE	FALSE	0	0	FALSE	FALSE	0	0	TRUE	1	FALSE	FALSE	FALSE	FALSE	FALSE	FALSE	FALSE	FALSE	FALSE	FALSE	FALSE	FALSE	FALSE	FALSE	FALSE	FALSE	FALSE	FALSE	FALSE	FALSE	0		1	FALSE	FALSE		Not Set			1
1634	Beverage	White Wine	Mandoleto Pinot Grigio		Master Price Band	Standard	GST	Large		20.00																				-1																																								
1634	Beverage	White Wine	Mandoleto Pinot Grigio		Master Price Band	Standard	GST	Small		12.50																				-1																																								
1630	Beverage	White Wine	Moet & Chandon Imperial Brut NV		Master Price Band	Standard	GST	Each	0	131.00					0		0	FALSE	FALSE	TRUE	FALSE	FALSE	FALSE	FALSE	FALSE	FALSE	FALSE			-1	TRUE	FALSE	0	0	FALSE	FALSE	0	0	TRUE	1	FALSE	FALSE	FALSE	FALSE	FALSE	FALSE	FALSE	FALSE	FALSE	FALSE	FALSE	FALSE	FALSE	FALSE	FALSE	FALSE	FALSE	FALSE	FALSE	FALSE	0		1	FALSE	FALSE		Not Set			1
1632	Beverage	White Wine	Petal & Stem Sauvignon Blanc		Master Price Band	Standard	GST	Bottle	0	65.00					0		0	FALSE	FALSE	TRUE	FALSE	FALSE	FALSE	FALSE	FALSE	FALSE	FALSE			-1	TRUE	FALSE	0	0	FALSE	FALSE	0	0	TRUE	1	FALSE	FALSE	FALSE	FALSE	FALSE	FALSE	FALSE	FALSE	FALSE	FALSE	FALSE	FALSE	FALSE	FALSE	FALSE	FALSE	FALSE	FALSE	FALSE	FALSE	0		1	FALSE	FALSE		Not Set			1
1632	Beverage	White Wine	Petal & Stem Sauvignon Blanc		Master Price Band	Standard	GST	Large		21.50																				-1																																								
1632	Beverage	White Wine	Petal & Stem Sauvignon Blanc		Master Price Band	Standard	GST	Small		13.50																				-1																																								
1633	Beverage	White Wine	Rebel Pinot Gris		Master Price Band	Standard	GST	Bottle	0	49.00					0		0	FALSE	FALSE	TRUE	FALSE	FALSE	FALSE	FALSE	FALSE	FALSE	FALSE			-1	TRUE	FALSE	0	0	FALSE	FALSE	0	0	TRUE	1	FALSE	FALSE	FALSE	FALSE	FALSE	FALSE	FALSE	FALSE	FALSE	FALSE	FALSE	FALSE	FALSE	FALSE	FALSE	FALSE	FALSE	FALSE	FALSE	FALSE	0		1	FALSE	FALSE		Not Set			1
1633	Beverage	White Wine	Rebel Pinot Gris		Master Price Band	Standard	GST	Large		16.50																				-1																																								
1633	Beverage	White Wine	Rebel Pinot Gris		Master Price Band	Standard	GST	Small		11.50																				-1																																								
1638	Beverage	White Wine	Rebel Rose		Master Price Band	Standard	GST	Bottle	0	49.00					0		0	FALSE	FALSE	TRUE	FALSE	FALSE	FALSE	FALSE	FALSE	FALSE	FALSE			-1	TRUE	FALSE	0	0	FALSE	FALSE	0	0	TRUE	1	FALSE	FALSE	FALSE	FALSE	FALSE	FALSE	FALSE	FALSE	FALSE	FALSE	FALSE	FALSE	FALSE	FALSE	FALSE	FALSE	FALSE	FALSE	FALSE	FALSE	0		1	FALSE	FALSE		Not Set			1
1638	Beverage	White Wine	Rebel Rose		Master Price Band	Standard	GST	Large		16.50																				-1																																								
1638	Beverage	White Wine	Rebel Rose		Master Price Band	Standard	GST	Small		11.50																				-1																																								
1631	Beverage	White Wine	Rebel Sauvignon Blanc		Master Price Band	Standard	GST	Bottle	0	49.00					0		0	FALSE	FALSE	TRUE	FALSE	FALSE	FALSE	FALSE	FALSE	FALSE	FALSE			-1	TRUE	FALSE	0	0	FALSE	FALSE	0	0	TRUE	1	FALSE	FALSE	FALSE	FALSE	FALSE	FALSE	FALSE	FALSE	FALSE	FALSE	FALSE	FALSE	FALSE	FALSE	FALSE	FALSE	FALSE	FALSE	FALSE	FALSE	0		1	FALSE	FALSE		Not Set			1
1631	Beverage	White Wine	Rebel Sauvignon Blanc		Master Price Band	Standard	GST	Large		16.50																				-1																																								
1631	Beverage	White Wine	Rebel Sauvignon Blanc		Master Price Band	Standard	GST	Small		11.50																				-1																																								
2022	Beverage	White Wine	Roaring Meg PG		Master Price Band	Standard	GST	Bottle	0	56.00					0		0	FALSE	FALSE	TRUE	FALSE	FALSE	FALSE	FALSE	FALSE	FALSE	FALSE			-1	TRUE	FALSE	0	0	FALSE	FALSE	0	0	TRUE	1	FALSE	FALSE	FALSE	FALSE	FALSE	FALSE	FALSE	FALSE	FALSE	FALSE	FALSE	FALSE	FALSE	FALSE	FALSE	FALSE	FALSE	FALSE	FALSE	FALSE	0		1	FALSE	FALSE		Not Set			1
2022	Beverage	White Wine	Roaring Meg PG		Master Price Band	Standard	GST	Large		19.00																				-1																																								
2022	Beverage	White Wine	Roaring Meg PG		Master Price Band	Standard	GST	Small		13.50																				-1																																								
2034	Beverage	White Wine	Roaring Meg Riesling		Master Price Band	Standard	GST	Bottle	0	56.00					0		0	FALSE	FALSE	TRUE	FALSE	FALSE	FALSE	FALSE	FALSE	FALSE	FALSE			-1	TRUE	FALSE	0	0	FALSE	FALSE	0	0	TRUE	1	FALSE	FALSE	FALSE	FALSE	FALSE	FALSE	FALSE	FALSE	FALSE	FALSE	FALSE	FALSE	FALSE	FALSE	FALSE	FALSE	FALSE	FALSE	FALSE	FALSE	0		1	FALSE	FALSE		Not Set			1
2034	Beverage	White Wine	Roaring Meg Riesling		Master Price Band	Standard	GST	Large		19.00																				-1																																								
2034	Beverage	White Wine	Roaring Meg Riesling		Master Price Band	Standard	GST	Small		13.50																				-1																																								
2010	Beverage	White Wine	Summer Love		Master Price Band	Standard	GST	Bottle	0	58.00					0		0	FALSE	FALSE	TRUE	FALSE	FALSE	FALSE	FALSE	FALSE	FALSE	FALSE			-1	TRUE	FALSE	0	0	FALSE	FALSE	0	0	TRUE	1	FALSE	FALSE	FALSE	FALSE	FALSE	FALSE	FALSE	FALSE	FALSE	FALSE	FALSE	FALSE	FALSE	FALSE	FALSE	FALSE	FALSE	FALSE	FALSE	FALSE	0		1	FALSE	FALSE		Not Set			1
2010	Beverage	White Wine	Summer Love		Master Price Band	Standard	GST	Small		12.50																				-1																																								
1628	Beverage	White Wine	The Hare & Tortoise Prosecco NV		Master Price Band	Standard	GST	Bottle	0	60.00					0		0	FALSE	FALSE	TRUE	FALSE	FALSE	FALSE	FALSE	FALSE	FALSE	FALSE			-1	TRUE	FALSE	0	0	FALSE	FALSE	0	0	TRUE	1	FALSE	FALSE	FALSE	FALSE	FALSE	FALSE	FALSE	FALSE	FALSE	FALSE	FALSE	FALSE	FALSE	FALSE	FALSE	FALSE	FALSE	FALSE	FALSE	FALSE	0		1	FALSE	FALSE		Not Set			1
1628	Beverage	White Wine	The Hare & Tortoise Prosecco NV		Master Price Band	Standard	GST	Glass		12.50																				-1																																								
2017	Beverage	White Wine	The Ned Chard		Master Price Band	Standard	GST	Bottle	0	54.00					0		0	FALSE	FALSE	TRUE	FALSE	FALSE	FALSE	FALSE	FALSE	FALSE	FALSE			-1	TRUE	FALSE	0	0	FALSE	FALSE	0	0	TRUE	1	FALSE	FALSE	FALSE	FALSE	FALSE	FALSE	FALSE	FALSE	FALSE	FALSE	FALSE	FALSE	FALSE	FALSE	FALSE	FALSE	FALSE	FALSE	FALSE	FALSE	0		1	FALSE	FALSE		Not Set			1
2017	Beverage	White Wine	The Ned Chard		Master Price Band	Standard	GST	Large		18.50																				-1																																								
2017	Beverage	White Wine	The Ned Chard		Master Price Band	Standard	GST	Small		13.00																				-1																																								
2021	Beverage	White Wine	The Ned PG		Master Price Band	Standard	GST	Bottle	0	54.00					0		0	FALSE	FALSE	TRUE	FALSE	FALSE	FALSE	FALSE	FALSE	FALSE	FALSE			-1	TRUE	FALSE	0	0	FALSE	FALSE	0	0	TRUE	1	FALSE	FALSE	FALSE	FALSE	FALSE	FALSE	FALSE	FALSE	FALSE	FALSE	FALSE	FALSE	FALSE	FALSE	FALSE	FALSE	FALSE	FALSE	FALSE	FALSE	0		1	FALSE	FALSE		Not Set			1
2021	Beverage	White Wine	The Ned PG		Master Price Band	Standard	GST	Large		18.50																				-1																																								
2021	Beverage	White Wine	The Ned PG		Master Price Band	Standard	GST	Small		13.00																				-1																																								
2024	Beverage	White Wine	The Ned Pinot Rose		Master Price Band	Standard	GST	Bottle	0	52.00					0		0	FALSE	FALSE	TRUE	FALSE	FALSE	FALSE	FALSE	FALSE	FALSE	FALSE			-1	TRUE	FALSE	0	0	FALSE	FALSE	0	0	TRUE	1	FALSE	FALSE	FALSE	FALSE	FALSE	FALSE	FALSE	FALSE	FALSE	FALSE	FALSE	FALSE	FALSE	FALSE	FALSE	FALSE	FALSE	FALSE	FALSE	FALSE	0		1	FALSE	FALSE		Not Set			1
2024	Beverage	White Wine	The Ned Pinot Rose		Master Price Band	Standard	GST	Large		18.50																				-1																																								
2024	Beverage	White Wine	The Ned Pinot Rose		Master Price Band	Standard	GST	Small		13.00																				-1																																								
2015	Beverage	White Wine	The Ned Sav		Master Price Band	Standard	GST	Bottle	0	54.00					0		0	FALSE	FALSE	TRUE	FALSE	FALSE	FALSE	FALSE	FALSE	FALSE	FALSE			-1	TRUE	FALSE	0	0	FALSE	FALSE	0	0	TRUE	1	FALSE	FALSE	FALSE	FALSE	FALSE	FALSE	FALSE	FALSE	FALSE	FALSE	FALSE	FALSE	FALSE	FALSE	FALSE	FALSE	FALSE	FALSE	FALSE	FALSE	0		1	FALSE	FALSE		Not Set			1
2015	Beverage	White Wine	The Ned Sav		Master Price Band	Standard	GST	Large		18.50																				-1																																								
2015	Beverage	White Wine	The Ned Sav		Master Price Band	Standard	GST	Small		13.00																				-1																																								
1635	Beverage	White Wine	Torea Chardonnay		Master Price Band	Standard	GST	Bottle	0	60.00					0		0	FALSE	FALSE	TRUE	FALSE	FALSE	FALSE	FALSE	FALSE	FALSE	FALSE			-1	TRUE	FALSE	0	0	FALSE	FALSE	0	0	TRUE	1	FALSE	FALSE	FALSE	FALSE	FALSE	FALSE	FALSE	FALSE	FALSE	FALSE	FALSE	FALSE	FALSE	FALSE	FALSE	FALSE	FALSE	FALSE	FALSE	FALSE	0		1	FALSE	FALSE		Not Set			1
1635	Beverage	White Wine	Torea Chardonnay		Master Price Band	Standard	GST	Large		20.00																				-1																																								
1635	Beverage	White Wine	Torea Chardonnay		Master Price Band	Standard	GST	Small		12.50																				-1																																								
1636	Beverage	White Wine	Waipara Hills Chardonnay		Master Price Band	Standard	GST	Bottle	0	70.00					0		0	FALSE	FALSE	TRUE	FALSE	FALSE	FALSE	FALSE	FALSE	FALSE	FALSE			-1	TRUE	FALSE	0	0	FALSE	FALSE	0	0	TRUE	1	FALSE	FALSE	FALSE	FALSE	FALSE	FALSE	FALSE	FALSE	FALSE	FALSE	FALSE	FALSE	FALSE	FALSE	FALSE	FALSE	FALSE	FALSE	FALSE	FALSE	0		1	FALSE	FALSE		Not Set			1
1636	Beverage	White Wine	Waipara Hills Chardonnay		Master Price Band	Standard	GST	Large		24.00																				-1																																								
1636	Beverage	White Wine	Waipara Hills Chardonnay		Master Price Band	Standard	GST	Small		14.50																				-1																																								
2019	Beverage	White Wine	Wither Hills Early Light PG 9.5%		Master Price Band	Standard	GST	Bottle	0	48.00					0		0	FALSE	FALSE	TRUE	FALSE	FALSE	FALSE	FALSE	FALSE	FALSE	FALSE			-1	TRUE	FALSE	0	0	FALSE	FALSE	0	0	TRUE	1	FALSE	FALSE	FALSE	FALSE	FALSE	FALSE	FALSE	FALSE	FALSE	FALSE	FALSE	FALSE	FALSE	FALSE	FALSE	FALSE	FALSE	FALSE	FALSE	FALSE	0		1	FALSE	FALSE		Not Set			1
2019	Beverage	White Wine	Wither Hills Early Light PG 9.5%		Master Price Band	Standard	GST	Large		16.50																				-1																																								
2019	Beverage	White Wine	Wither Hills Early Light PG 9.5%		Master Price Band	Standard	GST	Small		12.00																				-1																																								
2013	Beverage	White Wine	Wither Hills Early Light Sav 9.5%		Master Price Band	Standard	GST	Bottle	0	48.00					0		0	FALSE	FALSE	TRUE	FALSE	FALSE	FALSE	FALSE	FALSE	FALSE	FALSE			-1	TRUE	FALSE	0	0	FALSE	FALSE	0	0	TRUE	1	FALSE	FALSE	FALSE	FALSE	FALSE	FALSE	FALSE	FALSE	FALSE	FALSE	FALSE	FALSE	FALSE	FALSE	FALSE	FALSE	FALSE	FALSE	FALSE	FALSE	0		1	FALSE	FALSE		Not Set			1
2013	Beverage	White Wine	Wither Hills Early Light Sav 9.5%		Master Price Band	Standard	GST	Large		16.50																				-1																																								
2013	Beverage	White Wine	Wither Hills Early Light Sav 9.5%		Master Price Band	Standard	GST	Small		12.00																				-1																																								
2020	Beverage	White Wine	Wither Hills PG		Master Price Band	Standard	GST	Bottle	0	50.00					0		0	FALSE	FALSE	TRUE	FALSE	FALSE	FALSE	FALSE	FALSE	FALSE	FALSE			-1	TRUE	FALSE	0	0	FALSE	FALSE	0	0	TRUE	1	FALSE	FALSE	FALSE	FALSE	FALSE	FALSE	FALSE	FALSE	FALSE	FALSE	FALSE	FALSE	FALSE	FALSE	FALSE	FALSE	FALSE	FALSE	FALSE	FALSE	0		1	FALSE	FALSE		Not Set			1
2020	Beverage	White Wine	Wither Hills PG		Master Price Band	Standard	GST	Large		17.00																				-1																																								
2020	Beverage	White Wine	Wither Hills PG		Master Price Band	Standard	GST	Small		12.00																				-1																																								
2025	Beverage	White Wine	Wither Hills Riesling		Master Price Band	Standard	GST	Bottle	0	50.00					0		0	FALSE	FALSE	TRUE	FALSE	FALSE	FALSE	FALSE	FALSE	FALSE	FALSE			-1	TRUE	FALSE	0	0	FALSE	FALSE	0	0	TRUE	1	FALSE	FALSE	FALSE	FALSE	FALSE	FALSE	FALSE	FALSE	FALSE	FALSE	FALSE	FALSE	FALSE	FALSE	FALSE	FALSE	FALSE	FALSE	FALSE	FALSE	0		1	FALSE	FALSE		Not Set			1
2025	Beverage	White Wine	Wither Hills Riesling		Master Price Band	Standard	GST	Large		16.50																				-1																																								
2025	Beverage	White Wine	Wither Hills Riesling		Master Price Band	Standard	GST	Small		12.00																				-1																																								
2023	Beverage	White Wine	Wither Hills Rose		Master Price Band	Standard	GST	Bottle	0	50.00					0		0	FALSE	FALSE	TRUE	FALSE	FALSE	FALSE	FALSE	FALSE	FALSE	FALSE			-1	TRUE	FALSE	0	0	FALSE	FALSE	0	0	TRUE	1	FALSE	FALSE	FALSE	FALSE	FALSE	FALSE	FALSE	FALSE	FALSE	FALSE	FALSE	FALSE	FALSE	FALSE	FALSE	FALSE	FALSE	FALSE	FALSE	FALSE	0		1	FALSE	FALSE		Not Set			1
2023	Beverage	White Wine	Wither Hills Rose		Master Price Band	Standard	GST	Large		16.50																				-1																																								
2023	Beverage	White Wine	Wither Hills Rose		Master Price Band	Standard	GST	Small		12.00																				-1																																								
2014	Beverage	White Wine	Wither Hills Sav		Master Price Band	Standard	GST	Bottle	0	50.00					0		0	FALSE	FALSE	TRUE	FALSE	FALSE	FALSE	FALSE	FALSE	FALSE	FALSE			-1	TRUE	FALSE	0	0	FALSE	FALSE	0	0	TRUE	1	FALSE	FALSE	FALSE	FALSE	FALSE	FALSE	FALSE	FALSE	FALSE	FALSE	FALSE	FALSE	FALSE	FALSE	FALSE	FALSE	FALSE	FALSE	FALSE	FALSE	0		1	FALSE	FALSE		Not Set			1
2014	Beverage	White Wine	Wither Hills Sav		Master Price Band	Standard	GST	Large		17.00																				-1																																								
2014	Beverage	White Wine	Wither Hills Sav		Master Price Band	Standard	GST	Small		12.50																				-1																																								